	datetime	count
0	2022-03-10 00:00:00	1345
1	2022-03-10 01:00:00	962
2	2022-03-10 02:00:00	679
3	2022-03-10 03:00:00	634
4	2022-03-10 04:00:00	728
5	2022-03-10 05:00:00	224
6	2022-03-10 06:00:00	762
7	2022-03-10 07:00:00	762
8	2022-03-10 08:00:00	762
9	2022-03-10 09:00:00	762
10	2022-03-10 10:00:00	762
11	2022-03-10 11:00:00	762
12	2022-03-10 12:00:00	762
13	2022-03-10 13:00:00	762
14	2022-03-10 14:00:00	762
15	2022-03-10 15:00:00	762
16	2022-03-10 16:00:00	762
17	2022-03-10 17:00:00	762
18	2022-03-10 18:00:00	762
19	2022-03-10 19:00:00	762
20	2022-03-10 20:00:00	762
21	2022-03-10 21:00:00	762
22	2022-03-10 22:00:00	762
23	2022-03-10 23:00:00	762
24	2022-03-11 00:00:00	762
25	2022-03-11 01:00:00	762
26	2022-03-11 02:00:00	762
27	2022-03-11 03:00:00	762
28	2022-03-11 04:00:00	762
29	2022-03-11 05:00:00	762
30	2022-03-11 06:00:00	762
31	2022-03-11 07:00:00	762
32	2022-03-11 08:00:00	762
33	2022-03-11 09:00:00	762
34	2022-03-11 10:00:00	762
35	2022-03-11 11:00:00	762
36	2022-03-11 12:00:00	762
37	2022-03-11 13:00:00	762
38	2022-03-11 14:00:00	762
39	2022-03-11 15:00:00	762
40	2022-03-11 16:00:00	762
41	2022-03-11 17:00:00	762
42	2022-03-11 18:00:00	762
43	2022-03-11 19:00:00	762
44	2022-03-11 20:00:00	762
45	2022-03-11 21:00:00	762
46	2022-03-11 22:00:00	762
47	2022-03-11 23:00:00	762
48	2022-03-12 00:00:00	762
49	2022-03-12 01:00:00	762
50	2022-03-12 02:00:00	762
51	2022-03-12 03:00:00	762
52	2022-03-12 04:00:00	762
53	2022-03-12 05:00:00	762
54	2022-03-12 06:00:00	762
55	2022-03-12 07:00:00	762
56	2022-03-12 08:00:00	762
57	2022-03-12 09:00:00	762
58	2022-03-12 10:00:00	762
59	2022-03-12 11:00:00	762
60	2022-03-12 12:00:00	762
61	2022-03-12 13:00:00	762
62	2022-03-12 14:00:00	762
63	2022-03-12 15:00:00	762
64	2022-03-12 16:00:00	762
65	2022-03-12 17:00:00	762
66	2022-03-12 18:00:00	762
67	2022-03-12 19:00:00	762
68	2022-03-12 20:00:00	762
69	2022-03-12 21:00:00	762
70	2022-03-12 22:00:00	762
71	2022-03-12 23:00:00	762
