	device_id	name	latitude	longitude	value
0	S77	Alexandra Road	1.2937	103.8125	0.0
1	S77	Alexandra Road	1.2937	103.8125	0.0
2	S77	Alexandra Road	1.2937	103.8125	0.0
3	S77	Alexandra Road	1.2937	103.8125	0.0
4	S77	Alexandra Road	1.2937	103.8125	0.0
5	S77	Alexandra Road	1.2937	103.8125	0.0
6	S77	Alexandra Road	1.2937	103.8125	0.0
7	S77	Alexandra Road	1.2937	103.8125	0.0
8	S77	Alexandra Road	1.2937	103.8125	0.0
9	S77	Alexandra Road	1.2937	103.8125	0.0
10	S77	Alexandra Road	1.2937	103.8125	0.0
11	S77	Alexandra Road	1.2937	103.8125	0.0
12	S77	Alexandra Road	1.2937	103.8125	0.0
13	S77	Alexandra Road	1.2937	103.8125	0.016666666666666666
14	S77	Alexandra Road	1.2937	103.8125	0.03333333333333333
15	S77	Alexandra Road	1.2937	103.8125	0.016666666666666666
16	S77	Alexandra Road	1.2937	103.8125	0.0
17	S77	Alexandra Road	1.2937	103.8125	0.0
18	S77	Alexandra Road	1.2937	103.8125	0.0
19	S77	Alexandra Road	1.2937	103.8125	0.0
20	S77	Alexandra Road	1.2937	103.8125	0.0
21	S77	Alexandra Road	1.2937	103.8125	0.0
22	S77	Alexandra Road	1.2937	103.8125	0.016666666666666666
23	S77	Alexandra Road	1.2937	103.8125	0.0
24	S109	Ang Mo Kio Avenue 5	1.3764	103.8492	0.0
25	S109	Ang Mo Kio Avenue 5	1.3764	103.8492	0.0
26	S109	Ang Mo Kio Avenue 5	1.3764	103.8492	0.0
27	S109	Ang Mo Kio Avenue 5	1.3764	103.8492	0.0
28	S109	Ang Mo Kio Avenue 5	1.3764	103.8492	0.0
29	S109	Ang Mo Kio Avenue 5	1.3764	103.8492	0.0
30	S109	Ang Mo Kio Avenue 5	1.3764	103.8492	0.0
31	S109	Ang Mo Kio Avenue 5	1.3764	103.8492	0.0
32	S109	Ang Mo Kio Avenue 5	1.3764	103.8492	0.0
33	S109	Ang Mo Kio Avenue 5	1.3764	103.8492	0.0
34	S109	Ang Mo Kio Avenue 5	1.3764	103.8492	0.0
35	S109	Ang Mo Kio Avenue 5	1.3764	103.8492	0.0
36	S109	Ang Mo Kio Avenue 5	1.3764	103.8492	0.0
37	S109	Ang Mo Kio Avenue 5	1.3764	103.8492	0.0
38	S109	Ang Mo Kio Avenue 5	1.3764	103.8492	0.0
39	S109	Ang Mo Kio Avenue 5	1.3764	103.8492	0.0
40	S109	Ang Mo Kio Avenue 5	1.3764	103.8492	0.0
41	S109	Ang Mo Kio Avenue 5	1.3764	103.8492	0.0
42	S109	Ang Mo Kio Avenue 5	1.3764	103.8492	0.0
43	S109	Ang Mo Kio Avenue 5	1.3764	103.8492	0.0
44	S109	Ang Mo Kio Avenue 5	1.3764	103.8492	0.0
45	S109	Ang Mo Kio Avenue 5	1.3764	103.8492	0.0
46	S109	Ang Mo Kio Avenue 5	1.3764	103.8492	0.0
47	S109	Ang Mo Kio Avenue 5	1.3764	103.8492	0.0
48	S90	Bukit Timah Road	1.3191	103.8191	0.0
49	S90	Bukit Timah Road	1.3191	103.8191	0.0
50	S90	Bukit Timah Road	1.3191	103.8191	0.0
51	S90	Bukit Timah Road	1.3191	103.8191	0.03333333333333333
52	S90	Bukit Timah Road	1.3191	103.8191	0.0
53	S90	Bukit Timah Road	1.3191	103.8191	0.0
54	S90	Bukit Timah Road	1.3191	103.8191	0.016666666666666666
55	S90	Bukit Timah Road	1.3191	103.8191	0.0
56	S90	Bukit Timah Road	1.3191	103.8191	0.016666666666666666
57	S90	Bukit Timah Road	1.3191	103.8191	0.03333333333333333
58	S90	Bukit Timah Road	1.3191	103.8191	0.0
59	S90	Bukit Timah Road	1.3191	103.8191	0.0
60	S90	Bukit Timah Road	1.3191	103.8191	0.0
61	S90	Bukit Timah Road	1.3191	103.8191	0.0
62	S90	Bukit Timah Road	1.3191	103.8191	0.0
63	S90	Bukit Timah Road	1.3191	103.8191	0.0
64	S90	Bukit Timah Road	1.3191	103.8191	0.0
65	S90	Bukit Timah Road	1.3191	103.8191	0.0
66	S90	Bukit Timah Road	1.3191	103.8191	0.0
67	S90	Bukit Timah Road	1.3191	103.8191	0.0
68	S90	Bukit Timah Road	1.3191	103.8191	0.016666666666666666
69	S90	Bukit Timah Road	1.3191	103.8191	0.0
70	S90	Bukit Timah Road	1.3191	103.8191	0.0
71	S90	Bukit Timah Road	1.3191	103.8191	0.018181818181818184
72	S114	Choa Chu Kang Avenue 4	1.38	103.73	0.0
73	S114	Choa Chu Kang Avenue 4	1.38	103.73	0.0
74	S114	Choa Chu Kang Avenue 4	1.38	103.73	0.0
75	S114	Choa Chu Kang Avenue 4	1.38	103.73	0.03333333333333333
76	S114	Choa Chu Kang Avenue 4	1.38	103.73	0.0
77	S114	Choa Chu Kang Avenue 4	1.38	103.73	0.0
78	S114	Choa Chu Kang Avenue 4	1.38	103.73	0.0
79	S114	Choa Chu Kang Avenue 4	1.38	103.73	0.0
80	S114	Choa Chu Kang Avenue 4	1.38	103.73	0.03333333333333333
81	S114	Choa Chu Kang Avenue 4	1.38	103.73	0.0
82	S114	Choa Chu Kang Avenue 4	1.38	103.73	0.0
83	S114	Choa Chu Kang Avenue 4	1.38	103.73	0.0
84	S114	Choa Chu Kang Avenue 4	1.38	103.73	0.5
85	S114	Choa Chu Kang Avenue 4	1.38	103.73	0.08333333333333333
86	S114	Choa Chu Kang Avenue 4	1.38	103.73	0.06666666666666667
87	S114	Choa Chu Kang Avenue 4	1.38	103.73	0.03333333333333333
88	S114	Choa Chu Kang Avenue 4	1.38	103.73	0.11666666666666665
89	S114	Choa Chu Kang Avenue 4	1.38	103.73	0.03333333333333333
90	S114	Choa Chu Kang Avenue 4	1.38	103.73	0.43333333333333335
91	S114	Choa Chu Kang Avenue 4	1.38	103.73	0.0
92	S114	Choa Chu Kang Avenue 4	1.38	103.73	0.0
93	S114	Choa Chu Kang Avenue 4	1.38	103.73	0.0
94	S114	Choa Chu Kang Avenue 4	1.38	103.73	0.21666666666666667
95	S114	Choa Chu Kang Avenue 4	1.38	103.73	0.10909090909090909
96	S50	Clementi Road	1.3337	103.7768	0.0
97	S50	Clementi Road	1.3337	103.7768	0.0
98	S50	Clementi Road	1.3337	103.7768	0.0
99	S50	Clementi Road	1.3337	103.7768	0.48333333333333334
100	S50	Clementi Road	1.3337	103.7768	0.0
101	S50	Clementi Road	1.3337	103.7768	0.7166674999999999
102	S50	Clementi Road	1.3337	103.7768	0.049999999999999996
103	S50	Clementi Road	1.3337	103.7768	0.016666666666666666
104	S50	Clementi Road	1.3337	103.7768	0.19999999999999998
105	S50	Clementi Road	1.3337	103.7768	0.3
106	S50	Clementi Road	1.3337	103.7768	0.0
107	S50	Clementi Road	1.3337	103.7768	0.0
108	S50	Clementi Road	1.3337	103.7768	0.09999999999999999
109	S50	Clementi Road	1.3337	103.7768	0.0
110	S50	Clementi Road	1.3337	103.7768	0.13333333333333333
111	S50	Clementi Road	1.3337	103.7768	0.39999999999999997
112	S50	Clementi Road	1.3337	103.7768	0.0
113	S50	Clementi Road	1.3337	103.7768	0.4666666666666666
114	S50	Clementi Road	1.3337	103.7768	0.0
115	S50	Clementi Road	1.3337	103.7768	0.0
116	S50	Clementi Road	1.3337	103.7768	0.016666666666666666
117	S50	Clementi Road	1.3337	103.7768	0.0
118	S50	Clementi Road	1.3337	103.7768	0.016666666666666666
119	S50	Clementi Road	1.3337	103.7768	0.0
120	S107	East Coast Parkway	1.3135	103.9625	0.0
121	S107	East Coast Parkway	1.3135	103.9625	0.0
122	S107	East Coast Parkway	1.3135	103.9625	0.0
123	S107	East Coast Parkway	1.3135	103.9625	0.0
124	S107	East Coast Parkway	1.3135	103.9625	0.0
125	S107	East Coast Parkway	1.3135	103.9625	0.0
126	S107	East Coast Parkway	1.3135	103.9625	0.0
127	S107	East Coast Parkway	1.3135	103.9625	0.0
128	S107	East Coast Parkway	1.3135	103.9625	0.0
129	S107	East Coast Parkway	1.3135	103.9625	0.0
130	S107	East Coast Parkway	1.3135	103.9625	0.0
131	S107	East Coast Parkway	1.3135	103.9625	0.0
132	S107	East Coast Parkway	1.3135	103.9625	0.0
133	S107	East Coast Parkway	1.3135	103.9625	0.0
134	S107	East Coast Parkway	1.3135	103.9625	0.0
135	S107	East Coast Parkway	1.3135	103.9625	0.0
136	S107	East Coast Parkway	1.3135	103.9625	0.0
137	S107	East Coast Parkway	1.3135	103.9625	0.0
138	S107	East Coast Parkway	1.3135	103.9625	0.0
139	S107	East Coast Parkway	1.3135	103.9625	0.0
140	S107	East Coast Parkway	1.3135	103.9625	0.0
141	S107	East Coast Parkway	1.3135	103.9625	0.0
142	S107	East Coast Parkway	1.3135	103.9625	0.0
143	S107	East Coast Parkway	1.3135	103.9625	0.0
144	S215	GEYLANG EAST CENTRAL	1.32785	103.88899	0.016916666666666667
145	S215	GEYLANG EAST CENTRAL	1.32785	103.88899	0.0
146	S215	GEYLANG EAST CENTRAL	1.32785	103.88899	0.08458333333333334
147	S215	GEYLANG EAST CENTRAL	1.32785	103.88899	0.0
148	S215	GEYLANG EAST CENTRAL	1.32785	103.88899	0.0
149	S215	GEYLANG EAST CENTRAL	1.32785	103.88899	0.050749999999999997
150	S215	GEYLANG EAST CENTRAL	1.32785	103.88899	0.0
151	S215	GEYLANG EAST CENTRAL	1.32785	103.88899	0.016916666666666667
152	S215	GEYLANG EAST CENTRAL	1.32785	103.88899	0.06766666666666667
153	S215	GEYLANG EAST CENTRAL	1.32785	103.88899	0.13533333333333333
154	S215	GEYLANG EAST CENTRAL	1.32785	103.88899	0.28758333333333336
155	S215	GEYLANG EAST CENTRAL	1.32785	103.88899	0.08458333333333333
156	S215	GEYLANG EAST CENTRAL	1.32785	103.88899	0.0
157	S215	GEYLANG EAST CENTRAL	1.32785	103.88899	0.23683333333333334
158	S215	GEYLANG EAST CENTRAL	1.32785	103.88899	0.0
159	S215	GEYLANG EAST CENTRAL	1.32785	103.88899	0.03383333333333333
160	S215	GEYLANG EAST CENTRAL	1.32785	103.88899	0.06766666666666667
161	S215	GEYLANG EAST CENTRAL	1.32785	103.88899	0.10149999999999999
162	S215	GEYLANG EAST CENTRAL	1.32785	103.88899	0.06766666666666667
163	S215	GEYLANG EAST CENTRAL	1.32785	103.88899	0.0
164	S215	GEYLANG EAST CENTRAL	1.32785	103.88899	0.0
165	S215	GEYLANG EAST CENTRAL	1.32785	103.88899	0.40599999999999997
166	S215	GEYLANG EAST CENTRAL	1.32785	103.88899	0.8965833333333334
167	S215	GEYLANG EAST CENTRAL	1.32785	103.88899	0.3875454545454545
168	S118	Handy Road	1.2994	103.8461	0.0
169	S118	Handy Road	1.2994	103.8461	0.0
170	S118	Handy Road	1.2994	103.8461	0.0
171	S118	Handy Road	1.2994	103.8461	0.0
172	S118	Handy Road	1.2994	103.8461	0.0
173	S118	Handy Road	1.2994	103.8461	0.0
174	S118	Handy Road	1.2994	103.8461	0.0
175	S118	Handy Road	1.2994	103.8461	0.0
176	S118	Handy Road	1.2994	103.8461	0.0
177	S118	Handy Road	1.2994	103.8461	0.0
178	S118	Handy Road	1.2994	103.8461	0.0
179	S118	Handy Road	1.2994	103.8461	0.0
180	S118	Handy Road	1.2994	103.8461	0.0
181	S118	Handy Road	1.2994	103.8461	0.016666666666666666
182	S118	Handy Road	1.2994	103.8461	0.0
183	S118	Handy Road	1.2994	103.8461	0.0
184	S118	Handy Road	1.2994	103.8461	0.0
185	S118	Handy Road	1.2994	103.8461	0.049999999999999996
186	S118	Handy Road	1.2994	103.8461	0.016666666666666666
187	S118	Handy Road	1.2994	103.8461	0.05000000000000001
188	S118	Handy Road	1.2994	103.8461	0.016666666666666666
189	S118	Handy Road	1.2994	103.8461	0.016666666666666666
190	S118	Handy Road	1.2994	103.8461	0.03333333333333333
191	S118	Handy Road	1.2994	103.8461	0.0
192	S120	Holland Road	1.30874	103.818	0.016666666666666666
193	S120	Holland Road	1.30874	103.818	0.0
194	S120	Holland Road	1.30874	103.818	0.0
195	S120	Holland Road	1.30874	103.818	0.0
196	S120	Holland Road	1.30874	103.818	0.0
197	S120	Holland Road	1.30874	103.818	0.0
198	S120	Holland Road	1.30874	103.818	0.016666666666666666
199	S120	Holland Road	1.30874	103.818	0.0
200	S120	Holland Road	1.30874	103.818	0.0
201	S120	Holland Road	1.30874	103.818	0.0
202	S120	Holland Road	1.30874	103.818	0.0
203	S120	Holland Road	1.30874	103.818	0.0
204	S120	Holland Road	1.30874	103.818	0.0
205	S120	Holland Road	1.30874	103.818	0.0
206	S120	Holland Road	1.30874	103.818	0.016666666666666666
207	S120	Holland Road	1.30874	103.818	0.0
208	S120	Holland Road	1.30874	103.818	0.0
209	S120	Holland Road	1.30874	103.818	0.0
210	S120	Holland Road	1.30874	103.818	0.0
211	S120	Holland Road	1.30874	103.818	0.0
212	S120	Holland Road	1.30874	103.818	0.0
213	S120	Holland Road	1.30874	103.818	0.0
214	S120	Holland Road	1.30874	103.818	0.0
215	S120	Holland Road	1.30874	103.818	0.0
216	S33	Jurong Pier Road	1.3081	103.71	0.0
217	S33	Jurong Pier Road	1.3081	103.71	0.016666666666666666
218	S33	Jurong Pier Road	1.3081	103.71	0.0
219	S33	Jurong Pier Road	1.3081	103.71	0.016666666666666666
220	S33	Jurong Pier Road	1.3081	103.71	0.0
221	S33	Jurong Pier Road	1.3081	103.71	0.0
222	S33	Jurong Pier Road	1.3081	103.71	0.09999999999999999
223	S33	Jurong Pier Road	1.3081	103.71	0.03333333333333333
224	S33	Jurong Pier Road	1.3081	103.71	0.25
225	S33	Jurong Pier Road	1.3081	103.71	0.26666666666666666
226	S33	Jurong Pier Road	1.3081	103.71	0.16666666666666666
227	S33	Jurong Pier Road	1.3081	103.71	0.0
228	S33	Jurong Pier Road	1.3081	103.71	0.0
229	S33	Jurong Pier Road	1.3081	103.71	0.0
230	S33	Jurong Pier Road	1.3081	103.71	0.0
231	S33	Jurong Pier Road	1.3081	103.71	0.0
232	S33	Jurong Pier Road	1.3081	103.71	0.0
233	S33	Jurong Pier Road	1.3081	103.71	0.0
234	S33	Jurong Pier Road	1.3081	103.71	0.0
235	S33	Jurong Pier Road	1.3081	103.71	0.0
236	S33	Jurong Pier Road	1.3081	103.71	0.0
237	S33	Jurong Pier Road	1.3081	103.71	0.0
238	S33	Jurong Pier Road	1.3081	103.71	0.0
239	S33	Jurong Pier Road	1.3081	103.71	0.0
240	S71	Kent Ridge Road	1.2923	103.7815	0.0
241	S71	Kent Ridge Road	1.2923	103.7815	0.0
242	S71	Kent Ridge Road	1.2923	103.7815	0.0
243	S71	Kent Ridge Road	1.2923	103.7815	0.09999999999999999
244	S71	Kent Ridge Road	1.2923	103.7815	0.0
245	S71	Kent Ridge Road	1.2923	103.7815	0.0
246	S71	Kent Ridge Road	1.2923	103.7815	0.03333333333333333
247	S71	Kent Ridge Road	1.2923	103.7815	0.016666666666666666
248	S71	Kent Ridge Road	1.2923	103.7815	0.0
249	S71	Kent Ridge Road	1.2923	103.7815	0.016666666666666666
250	S71	Kent Ridge Road	1.2923	103.7815	0.0
251	S71	Kent Ridge Road	1.2923	103.7815	0.05000000000000001
252	S71	Kent Ridge Road	1.2923	103.7815	0.0
253	S71	Kent Ridge Road	1.2923	103.7815	0.016666666666666666
254	S71	Kent Ridge Road	1.2923	103.7815	0.0
255	S71	Kent Ridge Road	1.2923	103.7815	0.0
256	S71	Kent Ridge Road	1.2923	103.7815	0.016666666666666666
257	S71	Kent Ridge Road	1.2923	103.7815	0.016666666666666666
258	S71	Kent Ridge Road	1.2923	103.7815	0.016666666666666666
259	S71	Kent Ridge Road	1.2923	103.7815	0.0
260	S71	Kent Ridge Road	1.2923	103.7815	0.016666666666666666
261	S71	Kent Ridge Road	1.2923	103.7815	0.0
262	S71	Kent Ridge Road	1.2923	103.7815	0.03333333333333333
263	S71	Kent Ridge Road	1.2923	103.7815	0.0
264	S43	Kim Chuan Road	1.3399	103.8878	0.65
265	S43	Kim Chuan Road	1.3399	103.8878	0.016666666666666666
266	S43	Kim Chuan Road	1.3399	103.8878	0.0
267	S43	Kim Chuan Road	1.3399	103.8878	0.19999999999999998
268	S43	Kim Chuan Road	1.3399	103.8878	0.0
269	S43	Kim Chuan Road	1.3399	103.8878	0.049999999999999996
270	S43	Kim Chuan Road	1.3399	103.8878	0.0
271	S43	Kim Chuan Road	1.3399	103.8878	0.0
272	S43	Kim Chuan Road	1.3399	103.8878	0.0
273	S43	Kim Chuan Road	1.3399	103.8878	0.06666666666666667
274	S43	Kim Chuan Road	1.3399	103.8878	0.5666666666666667
275	S43	Kim Chuan Road	1.3399	103.8878	0.0
276	S43	Kim Chuan Road	1.3399	103.8878	0.18333333333333335
277	S43	Kim Chuan Road	1.3399	103.8878	0.0
278	S43	Kim Chuan Road	1.3399	103.8878	0.5166666666666667
279	S43	Kim Chuan Road	1.3399	103.8878	0.39999999999999997
280	S43	Kim Chuan Road	1.3399	103.8878	0.0
281	S43	Kim Chuan Road	1.3399	103.8878	0.0
282	S43	Kim Chuan Road	1.3399	103.8878	0.0
283	S43	Kim Chuan Road	1.3399	103.8878	0.0
284	S43	Kim Chuan Road	1.3399	103.8878	0.0
285	S43	Kim Chuan Road	1.3399	103.8878	0.0
286	S43	Kim Chuan Road	1.3399	103.8878	0.0
287	S43	Kim Chuan Road	1.3399	103.8878	0.0
288	S66	Kranji Way	1.4387	103.7363	0.0
289	S66	Kranji Way	1.4387	103.7363	0.0
290	S66	Kranji Way	1.4387	103.7363	0.0
291	S66	Kranji Way	1.4387	103.7363	0.0
292	S66	Kranji Way	1.4387	103.7363	0.0
293	S66	Kranji Way	1.4387	103.7363	0.0
294	S66	Kranji Way	1.4387	103.7363	0.0
295	S66	Kranji Way	1.4387	103.7363	0.0
296	S66	Kranji Way	1.4387	103.7363	0.0
297	S66	Kranji Way	1.4387	103.7363	0.0
298	S66	Kranji Way	1.4387	103.7363	0.0
299	S66	Kranji Way	1.4387	103.7363	0.0
300	S66	Kranji Way	1.4387	103.7363	0.0
301	S66	Kranji Way	1.4387	103.7363	0.0
302	S66	Kranji Way	1.4387	103.7363	0.0
303	S66	Kranji Way	1.4387	103.7363	0.0
304	S66	Kranji Way	1.4387	103.7363	0.0
305	S66	Kranji Way	1.4387	103.7363	0.0
306	S66	Kranji Way	1.4387	103.7363	0.0
307	S66	Kranji Way	1.4387	103.7363	0.0
308	S66	Kranji Way	1.4387	103.7363	0.0
309	S66	Kranji Way	1.4387	103.7363	0.0
310	S66	Kranji Way	1.4387	103.7363	0.0
311	S66	Kranji Way	1.4387	103.7363	0.0
312	S112	Lim Chu Kang Road	1.43854	103.70131	0.0
313	S112	Lim Chu Kang Road	1.43854	103.70131	0.0
314	S112	Lim Chu Kang Road	1.43854	103.70131	0.0
315	S112	Lim Chu Kang Road	1.43854	103.70131	0.0
316	S112	Lim Chu Kang Road	1.43854	103.70131	0.0
317	S112	Lim Chu Kang Road	1.43854	103.70131	0.0
318	S112	Lim Chu Kang Road	1.43854	103.70131	0.0
319	S112	Lim Chu Kang Road	1.43854	103.70131	0.0
320	S112	Lim Chu Kang Road	1.43854	103.70131	0.0
321	S112	Lim Chu Kang Road	1.43854	103.70131	0.0
322	S112	Lim Chu Kang Road	1.43854	103.70131	0.0
323	S112	Lim Chu Kang Road	1.43854	103.70131	0.0
324	S112	Lim Chu Kang Road	1.43854	103.70131	0.0
325	S112	Lim Chu Kang Road	1.43854	103.70131	0.0
326	S112	Lim Chu Kang Road	1.43854	103.70131	0.0
327	S112	Lim Chu Kang Road	1.43854	103.70131	0.0
328	S112	Lim Chu Kang Road	1.43854	103.70131	0.0
329	S112	Lim Chu Kang Road	1.43854	103.70131	0.0
330	S112	Lim Chu Kang Road	1.43854	103.70131	0.0
331	S112	Lim Chu Kang Road	1.43854	103.70131	0.0
332	S112	Lim Chu Kang Road	1.43854	103.70131	0.0
333	S112	Lim Chu Kang Road	1.43854	103.70131	0.0
334	S112	Lim Chu Kang Road	1.43854	103.70131	0.0
335	S112	Lim Chu Kang Road	1.43854	103.70131	0.0
336	S40	Mandai Lake Road	1.4044	103.78962	0.0
337	S40	Mandai Lake Road	1.4044	103.78962	0.0
338	S40	Mandai Lake Road	1.4044	103.78962	0.0
339	S40	Mandai Lake Road	1.4044	103.78962	0.0
340	S40	Mandai Lake Road	1.4044	103.78962	0.0
341	S40	Mandai Lake Road	1.4044	103.78962	0.0
342	S40	Mandai Lake Road	1.4044	103.78962	0.0
343	S40	Mandai Lake Road	1.4044	103.78962	0.0
344	S40	Mandai Lake Road	1.4044	103.78962	0.0
345	S40	Mandai Lake Road	1.4044	103.78962	0.0
346	S40	Mandai Lake Road	1.4044	103.78962	0.0
347	S40	Mandai Lake Road	1.4044	103.78962	0.0
348	S40	Mandai Lake Road	1.4044	103.78962	0.0
349	S40	Mandai Lake Road	1.4044	103.78962	0.0
350	S40	Mandai Lake Road	1.4044	103.78962	0.0
351	S40	Mandai Lake Road	1.4044	103.78962	0.0
352	S40	Mandai Lake Road	1.4044	103.78962	0.0
353	S40	Mandai Lake Road	1.4044	103.78962	0.0
354	S40	Mandai Lake Road	1.4044	103.78962	0.0
355	S40	Mandai Lake Road	1.4044	103.78962	0.0
356	S40	Mandai Lake Road	1.4044	103.78962	0.0
357	S40	Mandai Lake Road	1.4044	103.78962	0.0
358	S40	Mandai Lake Road	1.4044	103.78962	0.0
359	S40	Mandai Lake Road	1.4044	103.78962	0.0
360	S108	Marina Gardens Drive	1.2799	103.8703	0.0
361	S108	Marina Gardens Drive	1.2799	103.8703	0.0
362	S108	Marina Gardens Drive	1.2799	103.8703	0.0
363	S108	Marina Gardens Drive	1.2799	103.8703	0.0
364	S108	Marina Gardens Drive	1.2799	103.8703	0.0
365	S108	Marina Gardens Drive	1.2799	103.8703	0.0
366	S108	Marina Gardens Drive	1.2799	103.8703	0.0
367	S108	Marina Gardens Drive	1.2799	103.8703	0.0
368	S108	Marina Gardens Drive	1.2799	103.8703	0.016666666666666666
369	S108	Marina Gardens Drive	1.2799	103.8703	0.26666666666666666
370	S108	Marina Gardens Drive	1.2799	103.8703	0.3666666666666667
371	S108	Marina Gardens Drive	1.2799	103.8703	0.0
372	S108	Marina Gardens Drive	1.2799	103.8703	0.0
373	S108	Marina Gardens Drive	1.2799	103.8703	0.0
374	S108	Marina Gardens Drive	1.2799	103.8703	0.0
375	S108	Marina Gardens Drive	1.2799	103.8703	0.0
376	S108	Marina Gardens Drive	1.2799	103.8703	0.20000000000000004
377	S108	Marina Gardens Drive	1.2799	103.8703	0.016666666666666666
378	S108	Marina Gardens Drive	1.2799	103.8703	0.03333333333333333
379	S108	Marina Gardens Drive	1.2799	103.8703	0.0
380	S108	Marina Gardens Drive	1.2799	103.8703	0.0
381	S108	Marina Gardens Drive	1.2799	103.8703	0.0
382	S108	Marina Gardens Drive	1.2799	103.8703	0.0
383	S108	Marina Gardens Drive	1.2799	103.8703	0.0
384	S113	Marine Parade Road	1.30648	103.9104	0.0
385	S113	Marine Parade Road	1.30648	103.9104	0.016666666666666666
386	S113	Marine Parade Road	1.30648	103.9104	0.0
387	S113	Marine Parade Road	1.30648	103.9104	0.0
388	S113	Marine Parade Road	1.30648	103.9104	0.0
389	S113	Marine Parade Road	1.30648	103.9104	0.0
390	S113	Marine Parade Road	1.30648	103.9104	0.0
391	S113	Marine Parade Road	1.30648	103.9104	0.0
392	S113	Marine Parade Road	1.30648	103.9104	0.0
393	S113	Marine Parade Road	1.30648	103.9104	0.0
394	S113	Marine Parade Road	1.30648	103.9104	0.0
395	S113	Marine Parade Road	1.30648	103.9104	0.39999999999999997
396	S113	Marine Parade Road	1.30648	103.9104	0.55
397	S113	Marine Parade Road	1.30648	103.9104	0.0
398	S113	Marine Parade Road	1.30648	103.9104	0.7000000000000001
399	S113	Marine Parade Road	1.30648	103.9104	0.5333333333333333
400	S113	Marine Parade Road	1.30648	103.9104	0.25
401	S113	Marine Parade Road	1.30648	103.9104	0.03333333333333333
402	S113	Marine Parade Road	1.30648	103.9104	0.13333333333333333
403	S113	Marine Parade Road	1.30648	103.9104	0.6666666666666666
404	S113	Marine Parade Road	1.30648	103.9104	0.0
405	S113	Marine Parade Road	1.30648	103.9104	0.09999999999999999
406	S113	Marine Parade Road	1.30648	103.9104	0.03333333333333333
407	S113	Marine Parade Road	1.30648	103.9104	0.10909090909090909
408	S44	Nanyang Avenue	1.34583	103.68166	0.05000000000000001
409	S44	Nanyang Avenue	1.34583	103.68166	0.0
410	S44	Nanyang Avenue	1.34583	103.68166	0.0
411	S44	Nanyang Avenue	1.34583	103.68166	0.0
412	S44	Nanyang Avenue	1.34583	103.68166	0.016666666666666666
413	S44	Nanyang Avenue	1.34583	103.68166	0.0
414	S44	Nanyang Avenue	1.34583	103.68166	0.0
415	S44	Nanyang Avenue	1.34583	103.68166	0.0
416	S44	Nanyang Avenue	1.34583	103.68166	0.15
417	S44	Nanyang Avenue	1.34583	103.68166	0.0
418	S44	Nanyang Avenue	1.34583	103.68166	0.09999999999999999
419	S44	Nanyang Avenue	1.34583	103.68166	0.21666666666666667
420	S44	Nanyang Avenue	1.34583	103.68166	0.0
421	S44	Nanyang Avenue	1.34583	103.68166	0.0
422	S44	Nanyang Avenue	1.34583	103.68166	0.06666666666666667
423	S44	Nanyang Avenue	1.34583	103.68166	0.0
424	S44	Nanyang Avenue	1.34583	103.68166	0.16666666666666666
425	S44	Nanyang Avenue	1.34583	103.68166	0.0
426	S44	Nanyang Avenue	1.34583	103.68166	0.016666666666666666
427	S44	Nanyang Avenue	1.34583	103.68166	0.049999999999999996
428	S44	Nanyang Avenue	1.34583	103.68166	0.03333333333333333
429	S44	Nanyang Avenue	1.34583	103.68166	0.06666666666666667
430	S44	Nanyang Avenue	1.34583	103.68166	0.06666666666666667
431	S44	Nanyang Avenue	1.34583	103.68166	0.0
432	S119	Nicoll Highway	1.30105	103.8666	0.016666666666666666
433	S119	Nicoll Highway	1.30105	103.8666	0.0
434	S119	Nicoll Highway	1.30105	103.8666	0.08333333333333333
435	S119	Nicoll Highway	1.30105	103.8666	0.0
436	S119	Nicoll Highway	1.30105	103.8666	0.0
437	S119	Nicoll Highway	1.30105	103.8666	0.06666666666666667
438	S119	Nicoll Highway	1.30105	103.8666	0.0
439	S119	Nicoll Highway	1.30105	103.8666	0.016666666666666666
440	S119	Nicoll Highway	1.30105	103.8666	0.0
441	S119	Nicoll Highway	1.30105	103.8666	0.0
442	S119	Nicoll Highway	1.30105	103.8666	0.0
443	S119	Nicoll Highway	1.30105	103.8666	0.03333333333333333
444	S119	Nicoll Highway	1.30105	103.8666	0.0
445	S119	Nicoll Highway	1.30105	103.8666	0.016666666666666666
446	S119	Nicoll Highway	1.30105	103.8666	0.0
447	S119	Nicoll Highway	1.30105	103.8666	0.08333333333333333
448	S119	Nicoll Highway	1.30105	103.8666	0.0
449	S119	Nicoll Highway	1.30105	103.8666	0.0
450	S119	Nicoll Highway	1.30105	103.8666	0.08333333333333333
451	S119	Nicoll Highway	1.30105	103.8666	0.0
452	S119	Nicoll Highway	1.30105	103.8666	0.0
453	S119	Nicoll Highway	1.30105	103.8666	0.016666666666666666
454	S119	Nicoll Highway	1.30105	103.8666	0.0
455	S119	Nicoll Highway	1.30105	103.8666	0.0
456	S121	Old Choa Chu Kang Road	1.37288	103.72244	0.0
457	S121	Old Choa Chu Kang Road	1.37288	103.72244	0.0
458	S121	Old Choa Chu Kang Road	1.37288	103.72244	0.19999999999999998
459	S121	Old Choa Chu Kang Road	1.37288	103.72244	0.0
460	S121	Old Choa Chu Kang Road	1.37288	103.72244	0.06666666666666667
461	S121	Old Choa Chu Kang Road	1.37288	103.72244	0.049999999999999996
462	S121	Old Choa Chu Kang Road	1.37288	103.72244	0.016666666666666666
463	S121	Old Choa Chu Kang Road	1.37288	103.72244	0.0
464	S121	Old Choa Chu Kang Road	1.37288	103.72244	0.049999999999999996
465	S121	Old Choa Chu Kang Road	1.37288	103.72244	0.15
466	S121	Old Choa Chu Kang Road	1.37288	103.72244	0.03333333333333333
467	S121	Old Choa Chu Kang Road	1.37288	103.72244	0.0
468	S121	Old Choa Chu Kang Road	1.37288	103.72244	0.0
469	S121	Old Choa Chu Kang Road	1.37288	103.72244	0.016666666666666666
470	S121	Old Choa Chu Kang Road	1.37288	103.72244	0.0
471	S121	Old Choa Chu Kang Road	1.37288	103.72244	0.16666666666666666
472	S121	Old Choa Chu Kang Road	1.37288	103.72244	0.049999999999999996
473	S121	Old Choa Chu Kang Road	1.37288	103.72244	0.0
474	S121	Old Choa Chu Kang Road	1.37288	103.72244	0.0
475	S121	Old Choa Chu Kang Road	1.37288	103.72244	0.016666666666666666
476	S121	Old Choa Chu Kang Road	1.37288	103.72244	0.016666666666666666
477	S121	Old Choa Chu Kang Road	1.37288	103.72244	0.21666666666666667
478	S121	Old Choa Chu Kang Road	1.37288	103.72244	0.06666666666666667
479	S121	Old Choa Chu Kang Road	1.37288	103.72244	0.23636363636363636
480	S35	Old Toh Tuck Road	1.3329	103.7556	0.3
481	S35	Old Toh Tuck Road	1.3329	103.7556	0.4333333333333333
482	S35	Old Toh Tuck Road	1.3329	103.7556	0.05000000000000001
483	S35	Old Toh Tuck Road	1.3329	103.7556	0.0
484	S35	Old Toh Tuck Road	1.3329	103.7556	0.15
485	S35	Old Toh Tuck Road	1.3329	103.7556	0.2333333333333333
486	S35	Old Toh Tuck Road	1.3329	103.7556	0.6166666666666667
487	S35	Old Toh Tuck Road	1.3329	103.7556	0.46666666666666673
488	S35	Old Toh Tuck Road	1.3329	103.7556	0.0
489	S35	Old Toh Tuck Road	1.3329	103.7556	0.0
490	S35	Old Toh Tuck Road	1.3329	103.7556	0.0
491	S35	Old Toh Tuck Road	1.3329	103.7556	0.0
492	S35	Old Toh Tuck Road	1.3329	103.7556	0.0
493	S35	Old Toh Tuck Road	1.3329	103.7556	0.0
494	S35	Old Toh Tuck Road	1.3329	103.7556	0.0
495	S35	Old Toh Tuck Road	1.3329	103.7556	0.018181818181818184
496	S94	Pasir Ris Street 51	1.3662	103.9528	0.0
497	S94	Pasir Ris Street 51	1.3662	103.9528	0.0
498	S94	Pasir Ris Street 51	1.3662	103.9528	0.0
499	S94	Pasir Ris Street 51	1.3662	103.9528	0.0
500	S94	Pasir Ris Street 51	1.3662	103.9528	0.0
501	S94	Pasir Ris Street 51	1.3662	103.9528	0.0
502	S94	Pasir Ris Street 51	1.3662	103.9528	0.0
503	S94	Pasir Ris Street 51	1.3662	103.9528	0.0
504	S94	Pasir Ris Street 51	1.3662	103.9528	0.0
505	S94	Pasir Ris Street 51	1.3662	103.9528	0.0
506	S94	Pasir Ris Street 51	1.3662	103.9528	0.0
507	S94	Pasir Ris Street 51	1.3662	103.9528	0.0
508	S94	Pasir Ris Street 51	1.3662	103.9528	0.0
509	S94	Pasir Ris Street 51	1.3662	103.9528	0.016666666666666666
510	S94	Pasir Ris Street 51	1.3662	103.9528	0.0
511	S94	Pasir Ris Street 51	1.3662	103.9528	0.0
512	S94	Pasir Ris Street 51	1.3662	103.9528	0.0
513	S94	Pasir Ris Street 51	1.3662	103.9528	0.0
514	S94	Pasir Ris Street 51	1.3662	103.9528	0.0
515	S94	Pasir Ris Street 51	1.3662	103.9528	0.0
516	S94	Pasir Ris Street 51	1.3662	103.9528	0.0
517	S94	Pasir Ris Street 51	1.3662	103.9528	0.0
518	S94	Pasir Ris Street 51	1.3662	103.9528	0.0
519	S94	Pasir Ris Street 51	1.3662	103.9528	0.0
520	S78	Poole Road	1.30703	103.89067	0.05000000000000001
521	S78	Poole Road	1.30703	103.89067	0.19999999999999998
522	S78	Poole Road	1.30703	103.89067	0.13333333333333333
523	S78	Poole Road	1.30703	103.89067	0.15
524	S78	Poole Road	1.30703	103.89067	0.0
525	S78	Poole Road	1.30703	103.89067	0.049999999999999996
526	S78	Poole Road	1.30703	103.89067	0.08333333333333333
527	S78	Poole Road	1.30703	103.89067	0.0
528	S78	Poole Road	1.30703	103.89067	0.0
529	S78	Poole Road	1.30703	103.89067	0.0
530	S78	Poole Road	1.30703	103.89067	0.03333333333333333
531	S78	Poole Road	1.30703	103.89067	0.016666666666666666
532	S78	Poole Road	1.30703	103.89067	0.0
533	S78	Poole Road	1.30703	103.89067	0.0
534	S78	Poole Road	1.30703	103.89067	0.0
535	S78	Poole Road	1.30703	103.89067	0.016666666666666666
536	S78	Poole Road	1.30703	103.89067	0.0
537	S78	Poole Road	1.30703	103.89067	0.016666666666666666
538	S78	Poole Road	1.30703	103.89067	0.06666666666666667
539	S78	Poole Road	1.30703	103.89067	2.1666666666666665
540	S78	Poole Road	1.30703	103.89067	0.45
541	S78	Poole Road	1.30703	103.89067	0.049999999999999996
542	S78	Poole Road	1.30703	103.89067	0.2833333333333333
543	S78	Poole Road	1.30703	103.89067	0.0
544	S106	Pulau Ubin	1.4168	103.9673	0.0
545	S106	Pulau Ubin	1.4168	103.9673	0.0
546	S106	Pulau Ubin	1.4168	103.9673	0.0
547	S106	Pulau Ubin	1.4168	103.9673	0.0
548	S106	Pulau Ubin	1.4168	103.9673	0.0
549	S106	Pulau Ubin	1.4168	103.9673	0.0
550	S106	Pulau Ubin	1.4168	103.9673	0.016666666666666666
551	S106	Pulau Ubin	1.4168	103.9673	0.0
552	S106	Pulau Ubin	1.4168	103.9673	0.0
553	S106	Pulau Ubin	1.4168	103.9673	0.0
554	S106	Pulau Ubin	1.4168	103.9673	0.0
555	S106	Pulau Ubin	1.4168	103.9673	0.0
556	S106	Pulau Ubin	1.4168	103.9673	0.0
557	S106	Pulau Ubin	1.4168	103.9673	0.0
558	S106	Pulau Ubin	1.4168	103.9673	0.0
559	S106	Pulau Ubin	1.4168	103.9673	0.0
560	S106	Pulau Ubin	1.4168	103.9673	0.0
561	S106	Pulau Ubin	1.4168	103.9673	0.0
562	S106	Pulau Ubin	1.4168	103.9673	0.0
563	S106	Pulau Ubin	1.4168	103.9673	0.0
564	S106	Pulau Ubin	1.4168	103.9673	0.0
565	S106	Pulau Ubin	1.4168	103.9673	0.0
566	S106	Pulau Ubin	1.4168	103.9673	0.0
567	S106	Pulau Ubin	1.4168	103.9673	0.0
568	S81	Punggol Central	1.4029	103.9092	0.0
569	S81	Punggol Central	1.4029	103.9092	0.0
570	S81	Punggol Central	1.4029	103.9092	0.0
571	S81	Punggol Central	1.4029	103.9092	0.0
572	S81	Punggol Central	1.4029	103.9092	0.0
573	S81	Punggol Central	1.4029	103.9092	0.0
574	S81	Punggol Central	1.4029	103.9092	0.0
575	S81	Punggol Central	1.4029	103.9092	0.0
576	S81	Punggol Central	1.4029	103.9092	0.0
577	S81	Punggol Central	1.4029	103.9092	0.0
578	S81	Punggol Central	1.4029	103.9092	0.0
579	S81	Punggol Central	1.4029	103.9092	0.0
580	S81	Punggol Central	1.4029	103.9092	0.0
581	S81	Punggol Central	1.4029	103.9092	0.0
582	S81	Punggol Central	1.4029	103.9092	0.0
583	S81	Punggol Central	1.4029	103.9092	0.0
584	S81	Punggol Central	1.4029	103.9092	0.0
585	S81	Punggol Central	1.4029	103.9092	0.0
586	S81	Punggol Central	1.4029	103.9092	0.0
587	S81	Punggol Central	1.4029	103.9092	0.0
588	S81	Punggol Central	1.4029	103.9092	0.0
589	S81	Punggol Central	1.4029	103.9092	0.0
590	S81	Punggol Central	1.4029	103.9092	0.0
591	S81	Punggol Central	1.4029	103.9092	0.0
592	S201	S201	1.32311	103.76714	0.39999999999999997
593	S201	S201	1.32311	103.76714	0.6
594	S201	S201	1.32311	103.76714	0.0
595	S201	S201	1.32311	103.76714	0.3333333333333333
596	S201	S201	1.32311	103.76714	0.48333333333333334
597	S201	S201	1.32311	103.76714	0.0
598	S201	S201	1.32311	103.76714	0.0
599	S201	S201	1.32311	103.76714	0.0
600	S201	S201	1.32311	103.76714	0.0
601	S201	S201	1.32311	103.76714	0.0
602	S201	S201	1.32311	103.76714	0.0
603	S201	S201	1.32311	103.76714	0.0
604	S201	S201	1.32311	103.76714	0.0
605	S201	S201	1.32311	103.76714	0.0
606	S201	S201	1.32311	103.76714	0.0
607	S201	S201	1.32311	103.76714	0.016666666666666666
608	S201	S201	1.32311	103.76714	0.08333333333333333
609	S201	S201	1.32311	103.76714	0.0
610	S201	S201	1.32311	103.76714	0.016666666666666666
611	S201	S201	1.32311	103.76714	0.03333333333333333
612	S201	S201	1.32311	103.76714	0.0
613	S201	S201	1.32311	103.76714	0.06666666666666667
614	S201	S201	1.32311	103.76714	0.0
615	S201	S201	1.32311	103.76714	0.018181818181818184
616	S202	S202	1.30968	103.7578	0.0
617	S202	S202	1.30968	103.7578	0.03366666666666667
618	S202	S202	1.30968	103.7578	0.016833333333333336
619	S202	S202	1.30968	103.7578	0.016833333333333336
620	S202	S202	1.30968	103.7578	0.0
621	S202	S202	1.30968	103.7578	0.0
622	S202	S202	1.30968	103.7578	0.016833333333333336
623	S202	S202	1.30968	103.7578	0.016833333333333336
624	S202	S202	1.30968	103.7578	0.0
625	S202	S202	1.30968	103.7578	0.0
626	S202	S202	1.30968	103.7578	0.0
627	S202	S202	1.30968	103.7578	0.0
628	S202	S202	1.30968	103.7578	0.0
629	S202	S202	1.30968	103.7578	0.0
630	S202	S202	1.30968	103.7578	0.0
631	S202	S202	1.30968	103.7578	0.0
632	S202	S202	1.30968	103.7578	0.0
633	S202	S202	1.30968	103.7578	0.0
634	S202	S202	1.30968	103.7578	0.0
635	S202	S202	1.30968	103.7578	0.4208333333333334
636	S202	S202	1.30968	103.7578	0.0
637	S202	S202	1.30968	103.7578	0.06733333333333334
638	S202	S202	1.30968	103.7578	0.10099999999999999
639	S202	S202	1.30968	103.7578	0.0
640	S203	S203	1.29164	103.7702	0.01675
641	S203	S203	1.29164	103.7702	0.0
642	S203	S203	1.29164	103.7702	0.0
643	S203	S203	1.29164	103.7702	0.0
644	S203	S203	1.29164	103.7702	0.0335
645	S203	S203	1.29164	103.7702	0.0
646	S203	S203	1.29164	103.7702	0.0
647	S203	S203	1.29164	103.7702	0.0
648	S203	S203	1.29164	103.7702	0.0
649	S203	S203	1.29164	103.7702	0.0
650	S203	S203	1.29164	103.7702	0.0
651	S203	S203	1.29164	103.7702	0.0
652	S203	S203	1.29164	103.7702	0.0
653	S203	S203	1.29164	103.7702	0.050249999999999996
654	S203	S203	1.29164	103.7702	0.0
655	S203	S203	1.29164	103.7702	0.0
656	S203	S203	1.29164	103.7702	0.0
657	S203	S203	1.29164	103.7702	0.0
658	S203	S203	1.29164	103.7702	0.0
659	S203	S203	1.29164	103.7702	0.20099999999999998
660	S203	S203	1.29164	103.7702	0.10049999999999999
661	S203	S203	1.29164	103.7702	0.050249999999999996
662	S203	S203	1.29164	103.7702	0.0
663	S203	S203	1.29164	103.7702	0.018272727272727274
664	S204	S204	1.40081	103.88217	0.0
665	S204	S204	1.40081	103.88217	0.0
666	S204	S204	1.40081	103.88217	0.0
667	S204	S204	1.40081	103.88217	0.0
668	S204	S204	1.40081	103.88217	0.0
669	S204	S204	1.40081	103.88217	0.0
670	S204	S204	1.40081	103.88217	0.0
671	S204	S204	1.40081	103.88217	0.0
672	S204	S204	1.40081	103.88217	0.0
673	S204	S204	1.40081	103.88217	0.0
674	S204	S204	1.40081	103.88217	0.0
675	S204	S204	1.40081	103.88217	0.0
676	S204	S204	1.40081	103.88217	0.0
677	S204	S204	1.40081	103.88217	0.0
678	S204	S204	1.40081	103.88217	0.0
679	S204	S204	1.40081	103.88217	0.0
680	S204	S204	1.40081	103.88217	0.0
681	S204	S204	1.40081	103.88217	0.0
682	S204	S204	1.40081	103.88217	0.0
683	S204	S204	1.40081	103.88217	0.0
684	S204	S204	1.40081	103.88217	0.0
685	S204	S204	1.40081	103.88217	0.0
686	S204	S204	1.40081	103.88217	0.0
687	S204	S204	1.40081	103.88217	0.0
688	S205	S205	1.38829	103.9116	0.0
689	S205	S205	1.38829	103.9116	0.0
690	S205	S205	1.38829	103.9116	0.0
691	S205	S205	1.38829	103.9116	0.0
692	S205	S205	1.38829	103.9116	0.0
693	S205	S205	1.38829	103.9116	0.0
694	S205	S205	1.38829	103.9116	0.0
695	S205	S205	1.38829	103.9116	0.0
696	S205	S205	1.38829	103.9116	0.0
697	S205	S205	1.38829	103.9116	0.0
698	S205	S205	1.38829	103.9116	0.0
699	S205	S205	1.38829	103.9116	0.0
700	S205	S205	1.38829	103.9116	0.0
701	S205	S205	1.38829	103.9116	0.0
702	S205	S205	1.38829	103.9116	0.0
703	S205	S205	1.38829	103.9116	0.0
704	S205	S205	1.38829	103.9116	0.0
705	S205	S205	1.38829	103.9116	0.0
706	S205	S205	1.38829	103.9116	0.0
707	S205	S205	1.38829	103.9116	0.0
708	S205	S205	1.38829	103.9116	0.0
709	S205	S205	1.38829	103.9116	0.0
710	S205	S205	1.38829	103.9116	0.0
711	S205	S205	1.38829	103.9116	0.0
712	S207	S207	1.32485	103.95836	0.0
713	S207	S207	1.32485	103.95836	0.0
714	S207	S207	1.32485	103.95836	0.0
715	S207	S207	1.32485	103.95836	0.0
716	S207	S207	1.32485	103.95836	0.0
717	S207	S207	1.32485	103.95836	0.0
718	S207	S207	1.32485	103.95836	0.0
719	S207	S207	1.32485	103.95836	0.0
720	S207	S207	1.32485	103.95836	0.0
721	S207	S207	1.32485	103.95836	0.0
722	S207	S207	1.32485	103.95836	0.0
723	S207	S207	1.32485	103.95836	0.0
724	S207	S207	1.32485	103.95836	0.0
725	S207	S207	1.32485	103.95836	0.0
726	S207	S207	1.32485	103.95836	0.0
727	S207	S207	1.32485	103.95836	0.0
728	S207	S207	1.32485	103.95836	0.0
729	S207	S207	1.32485	103.95836	0.0
730	S207	S207	1.32485	103.95836	0.0
731	S207	S207	1.32485	103.95836	0.0
732	S207	S207	1.32485	103.95836	0.0
733	S207	S207	1.32485	103.95836	0.0
734	S207	S207	1.32485	103.95836	0.0
735	S207	S207	1.32485	103.95836	0.0
736	S208	S208	1.3136	104.00317	0.0
737	S208	S208	1.3136	104.00317	0.0
738	S208	S208	1.3136	104.00317	0.0
739	S208	S208	1.3136	104.00317	0.0
740	S208	S208	1.3136	104.00317	0.0
741	S208	S208	1.3136	104.00317	0.0
742	S208	S208	1.3136	104.00317	0.0
743	S208	S208	1.3136	104.00317	0.0
744	S208	S208	1.3136	104.00317	0.0
745	S208	S208	1.3136	104.00317	0.0
746	S208	S208	1.3136	104.00317	0.0
747	S208	S208	1.3136	104.00317	0.0
748	S208	S208	1.3136	104.00317	0.0
749	S208	S208	1.3136	104.00317	0.0
750	S208	S208	1.3136	104.00317	0.0
751	S208	S208	1.3136	104.00317	0.0
752	S208	S208	1.3136	104.00317	0.0
753	S208	S208	1.3136	104.00317	0.0
754	S208	S208	1.3136	104.00317	0.0
755	S208	S208	1.3136	104.00317	0.0
756	S208	S208	1.3136	104.00317	0.0
757	S208	S208	1.3136	104.00317	0.0
758	S208	S208	1.3136	104.00317	0.0
759	S208	S208	1.3136	104.00317	0.0
760	S209	S209	1.42111	103.84472	0.0
761	S209	S209	1.42111	103.84472	0.0
762	S209	S209	1.42111	103.84472	0.0
763	S209	S209	1.42111	103.84472	0.0
764	S209	S209	1.42111	103.84472	0.0
765	S209	S209	1.42111	103.84472	0.0
766	S209	S209	1.42111	103.84472	0.0
767	S209	S209	1.42111	103.84472	0.0
768	S209	S209	1.42111	103.84472	0.0
769	S209	S209	1.42111	103.84472	0.0
770	S209	S209	1.42111	103.84472	0.0
771	S209	S209	1.42111	103.84472	0.0
772	S209	S209	1.42111	103.84472	0.0
773	S209	S209	1.42111	103.84472	0.0
774	S209	S209	1.42111	103.84472	0.0
775	S209	S209	1.42111	103.84472	0.0
776	S209	S209	1.42111	103.84472	0.0
777	S209	S209	1.42111	103.84472	0.0
778	S209	S209	1.42111	103.84472	0.0
779	S209	S209	1.42111	103.84472	0.0
780	S209	S209	1.42111	103.84472	0.0
781	S209	S209	1.42111	103.84472	0.0
782	S209	S209	1.42111	103.84472	0.0
783	S209	S209	1.42111	103.84472	0.0
784	S210	S210	1.44003	103.76904	0.0
785	S210	S210	1.44003	103.76904	0.0
786	S210	S210	1.44003	103.76904	0.0
787	S210	S210	1.44003	103.76904	0.0
788	S210	S210	1.44003	103.76904	0.0
789	S210	S210	1.44003	103.76904	0.0
790	S210	S210	1.44003	103.76904	0.0
791	S210	S210	1.44003	103.76904	0.0
792	S210	S210	1.44003	103.76904	0.0
793	S210	S210	1.44003	103.76904	0.0
794	S210	S210	1.44003	103.76904	0.0
795	S210	S210	1.44003	103.76904	0.0
796	S210	S210	1.44003	103.76904	0.0
797	S210	S210	1.44003	103.76904	0.0
798	S210	S210	1.44003	103.76904	0.0
799	S210	S210	1.44003	103.76904	0.0
800	S210	S210	1.44003	103.76904	0.0
801	S210	S210	1.44003	103.76904	0.0
802	S210	S210	1.44003	103.76904	0.0
803	S210	S210	1.44003	103.76904	0.0
804	S210	S210	1.44003	103.76904	0.0
805	S210	S210	1.44003	103.76904	0.0335
806	S210	S210	1.44003	103.76904	0.0
807	S210	S210	1.44003	103.76904	0.0
808	S211	S211	1.42918	103.75711	0.0
809	S211	S211	1.42918	103.75711	0.0
810	S211	S211	1.42918	103.75711	0.0
811	S211	S211	1.42918	103.75711	0.0
812	S211	S211	1.42918	103.75711	0.0
813	S211	S211	1.42918	103.75711	0.0
814	S211	S211	1.42918	103.75711	0.016916666666666667
815	S211	S211	1.42918	103.75711	0.3721666666666667
816	S211	S211	1.42918	103.75711	0.0
817	S211	S211	1.42918	103.75711	0.0
818	S211	S211	1.42918	103.75711	0.0
819	S211	S211	1.42918	103.75711	0.0
820	S211	S211	1.42918	103.75711	0.0
821	S211	S211	1.42918	103.75711	0.0
822	S211	S211	1.42918	103.75711	0.0
823	S211	S211	1.42918	103.75711	0.0
824	S211	S211	1.42918	103.75711	0.0
825	S211	S211	1.42918	103.75711	0.0
826	S211	S211	1.42918	103.75711	0.0
827	S211	S211	1.42918	103.75711	0.0
828	S211	S211	1.42918	103.75711	0.0
829	S211	S211	1.42918	103.75711	0.13533333333333333
830	S211	S211	1.42918	103.75711	0.0
831	S211	S211	1.42918	103.75711	0.0
832	S212	S212	1.31835	103.93574	0.0
833	S212	S212	1.31835	103.93574	0.0
834	S212	S212	1.31835	103.93574	0.0
835	S212	S212	1.31835	103.93574	0.0
836	S212	S212	1.31835	103.93574	0.0
837	S212	S212	1.31835	103.93574	0.0
838	S212	S212	1.31835	103.93574	0.0
839	S212	S212	1.31835	103.93574	0.0
840	S212	S212	1.31835	103.93574	0.0
841	S212	S212	1.31835	103.93574	0.0
842	S212	S212	1.31835	103.93574	0.0
843	S212	S212	1.31835	103.93574	0.0
844	S212	S212	1.31835	103.93574	0.0
845	S212	S212	1.31835	103.93574	0.0
846	S212	S212	1.31835	103.93574	0.0
847	S212	S212	1.31835	103.93574	0.0
848	S212	S212	1.31835	103.93574	0.0
849	S212	S212	1.31835	103.93574	0.0
850	S212	S212	1.31835	103.93574	0.0
851	S212	S212	1.31835	103.93574	0.0
852	S212	S212	1.31835	103.93574	0.0
853	S212	S212	1.31835	103.93574	0.0
854	S212	S212	1.31835	103.93574	0.0
855	S212	S212	1.31835	103.93574	0.0
856	S213	S213	1.32427	103.8097	0.049999999999999996
857	S213	S213	1.32427	103.8097	0.016666666666666666
858	S213	S213	1.32427	103.8097	0.0
859	S213	S213	1.32427	103.8097	0.0
860	S213	S213	1.32427	103.8097	0.0
861	S213	S213	1.32427	103.8097	0.21666666666666667
862	S213	S213	1.32427	103.8097	0.7000000000000001
863	S213	S213	1.32427	103.8097	0.0
864	S213	S213	1.32427	103.8097	0.0
865	S213	S213	1.32427	103.8097	0.0
866	S213	S213	1.32427	103.8097	0.0
867	S213	S213	1.32427	103.8097	0.06666666666666667
868	S213	S213	1.32427	103.8097	0.0
869	S213	S213	1.32427	103.8097	0.0
870	S213	S213	1.32427	103.8097	0.0
871	S213	S213	1.32427	103.8097	0.0
872	S213	S213	1.32427	103.8097	0.0
873	S213	S213	1.32427	103.8097	0.0
874	S213	S213	1.32427	103.8097	0.0
875	S213	S213	1.32427	103.8097	0.016666666666666666
876	S213	S213	1.32427	103.8097	0.0
877	S213	S213	1.32427	103.8097	0.0
878	S213	S213	1.32427	103.8097	0.0
879	S213	S213	1.32427	103.8097	0.03636363636363637
880	S214	S214	1.29911	103.88289	0.0
881	S214	S214	1.29911	103.88289	0.016416666666666666
882	S214	S214	1.29911	103.88289	0.0
883	S214	S214	1.29911	103.88289	0.016416666666666666
884	S214	S214	1.29911	103.88289	0.016416666666666666
885	S214	S214	1.29911	103.88289	0.0
886	S214	S214	1.29911	103.88289	0.0
887	S214	S214	1.29911	103.88289	0.0
888	S214	S214	1.29911	103.88289	0.19699999999999998
889	S214	S214	1.29911	103.88289	0.0
890	S214	S214	1.29911	103.88289	0.26266666666666666
891	S214	S214	1.29911	103.88289	0.14775
892	S214	S214	1.29911	103.88289	0.21341666666666667
893	S214	S214	1.29911	103.88289	0.049249999999999995
894	S214	S214	1.29911	103.88289	0.0
895	S214	S214	1.29911	103.88289	0.03283333333333333
896	S214	S214	1.29911	103.88289	0.016416666666666666
897	S214	S214	1.29911	103.88289	0.06566666666666666
898	S214	S214	1.29911	103.88289	0.03283333333333333
899	S214	S214	1.29911	103.88289	0.0
900	S214	S214	1.29911	103.88289	0.0
901	S214	S214	1.29911	103.88289	0.0
902	S214	S214	1.29911	103.88289	0.14775000000000002
903	S214	S214	1.29911	103.88289	0.14327272727272727
904	S216	S216	1.36019	103.85335	0.0
905	S216	S216	1.36019	103.85335	0.0
906	S216	S216	1.36019	103.85335	0.0
907	S216	S216	1.36019	103.85335	0.0
908	S216	S216	1.36019	103.85335	0.0
909	S216	S216	1.36019	103.85335	0.0
910	S216	S216	1.36019	103.85335	0.0
911	S216	S216	1.36019	103.85335	0.0
912	S216	S216	1.36019	103.85335	0.0
913	S216	S216	1.36019	103.85335	0.0
914	S216	S216	1.36019	103.85335	0.0
915	S216	S216	1.36019	103.85335	0.0
916	S216	S216	1.36019	103.85335	0.0
917	S216	S216	1.36019	103.85335	0.0
918	S216	S216	1.36019	103.85335	0.0
919	S216	S216	1.36019	103.85335	0.0
920	S216	S216	1.36019	103.85335	0.0
921	S216	S216	1.36019	103.85335	0.0
922	S216	S216	1.36019	103.85335	0.0
923	S216	S216	1.36019	103.85335	0.0
924	S216	S216	1.36019	103.85335	0.0
925	S216	S216	1.36019	103.85335	0.0
926	S216	S216	1.36019	103.85335	0.0
927	S216	S216	1.36019	103.85335	0.0
928	S217	S217	1.35041	103.85526	0.0
929	S217	S217	1.35041	103.85526	0.0
930	S217	S217	1.35041	103.85526	0.0
931	S217	S217	1.35041	103.85526	0.0
932	S217	S217	1.35041	103.85526	0.0
933	S217	S217	1.35041	103.85526	0.0
934	S217	S217	1.35041	103.85526	0.0
935	S217	S217	1.35041	103.85526	0.0
936	S217	S217	1.35041	103.85526	0.0
937	S217	S217	1.35041	103.85526	0.0
938	S217	S217	1.35041	103.85526	0.0
939	S217	S217	1.35041	103.85526	0.0
940	S217	S217	1.35041	103.85526	0.0
941	S217	S217	1.35041	103.85526	0.0
942	S217	S217	1.35041	103.85526	0.0
943	S217	S217	1.35041	103.85526	0.0
944	S217	S217	1.35041	103.85526	0.0
945	S217	S217	1.35041	103.85526	0.0
946	S217	S217	1.35041	103.85526	0.0
947	S217	S217	1.35041	103.85526	0.016416666666666666
948	S217	S217	1.35041	103.85526	0.016416666666666666
949	S217	S217	1.35041	103.85526	0.0
950	S217	S217	1.35041	103.85526	0.0
951	S217	S217	1.35041	103.85526	0.07163636363636364
952	S218	S218	1.36491	103.75065	0.0
953	S218	S218	1.36491	103.75065	0.0
954	S218	S218	1.36491	103.75065	0.0
955	S218	S218	1.36491	103.75065	0.016999999999999998
956	S218	S218	1.36491	103.75065	0.629
957	S218	S218	1.36491	103.75065	0.578
958	S218	S218	1.36491	103.75065	0.289
959	S218	S218	1.36491	103.75065	0.06799999999999999
960	S218	S218	1.36491	103.75065	0.0
961	S218	S218	1.36491	103.75065	0.221
962	S218	S218	1.36491	103.75065	0.06799999999999999
963	S218	S218	1.36491	103.75065	0.06799999999999999
964	S218	S218	1.36491	103.75065	0.13599999999999998
965	S218	S218	1.36491	103.75065	0.0
966	S218	S218	1.36491	103.75065	0.033999999999999996
967	S218	S218	1.36491	103.75065	0.085
968	S218	S218	1.36491	103.75065	0.0
969	S218	S218	1.36491	103.75065	0.0
970	S218	S218	1.36491	103.75065	0.0
971	S218	S218	1.36491	103.75065	0.085
972	S218	S218	1.36491	103.75065	0.0
973	S218	S218	1.36491	103.75065	0.016999999999999998
974	S218	S218	1.36491	103.75065	0.06799999999999999
975	S218	S218	1.36491	103.75065	0.0
976	S219	S219	1.37999	103.87643	0.0
977	S219	S219	1.37999	103.87643	0.0
978	S219	S219	1.37999	103.87643	0.0
979	S219	S219	1.37999	103.87643	0.0
980	S219	S219	1.37999	103.87643	0.0
981	S219	S219	1.37999	103.87643	0.0
982	S219	S219	1.37999	103.87643	0.0
983	S219	S219	1.37999	103.87643	0.0
984	S219	S219	1.37999	103.87643	0.0
985	S219	S219	1.37999	103.87643	0.0
986	S219	S219	1.37999	103.87643	0.0
987	S219	S219	1.37999	103.87643	0.0
988	S219	S219	1.37999	103.87643	0.0
989	S219	S219	1.37999	103.87643	0.0
990	S219	S219	1.37999	103.87643	0.0
991	S219	S219	1.37999	103.87643	0.0
992	S219	S219	1.37999	103.87643	0.0
993	S219	S219	1.37999	103.87643	0.0
994	S219	S219	1.37999	103.87643	0.0
995	S219	S219	1.37999	103.87643	0.0
996	S219	S219	1.37999	103.87643	0.0
997	S219	S219	1.37999	103.87643	0.0
998	S219	S219	1.37999	103.87643	0.0
999	S219	S219	1.37999	103.87643	0.0
1000	S220	S220	1.38666	103.89797	0.0
1001	S220	S220	1.38666	103.89797	0.0
1002	S220	S220	1.38666	103.89797	0.0
1003	S220	S220	1.38666	103.89797	0.0
1004	S220	S220	1.38666	103.89797	0.0
1005	S220	S220	1.38666	103.89797	0.0
1006	S220	S220	1.38666	103.89797	0.0
1007	S220	S220	1.38666	103.89797	0.0
1008	S220	S220	1.38666	103.89797	0.0
1009	S220	S220	1.38666	103.89797	0.0
1010	S220	S220	1.38666	103.89797	0.0
1011	S220	S220	1.38666	103.89797	0.0
1012	S220	S220	1.38666	103.89797	0.0
1013	S220	S220	1.38666	103.89797	0.0
1014	S220	S220	1.38666	103.89797	0.0
1015	S220	S220	1.38666	103.89797	0.0
1016	S220	S220	1.38666	103.89797	0.0
1017	S220	S220	1.38666	103.89797	0.0
1018	S220	S220	1.38666	103.89797	0.0
1019	S220	S220	1.38666	103.89797	0.0
1020	S220	S220	1.38666	103.89797	0.0
1021	S220	S220	1.38666	103.89797	0.0
1022	S220	S220	1.38666	103.89797	0.0
1023	S220	S220	1.38666	103.89797	0.0
1024	S221	S221	1.35691	103.89088	0.0
1025	S221	S221	1.35691	103.89088	0.0
1026	S221	S221	1.35691	103.89088	0.0
1027	S221	S221	1.35691	103.89088	0.0
1028	S221	S221	1.35691	103.89088	0.0
1029	S221	S221	1.35691	103.89088	0.0
1030	S221	S221	1.35691	103.89088	0.0
1031	S221	S221	1.35691	103.89088	0.0
1032	S221	S221	1.35691	103.89088	0.0
1033	S221	S221	1.35691	103.89088	0.0
1034	S221	S221	1.35691	103.89088	0.0
1035	S221	S221	1.35691	103.89088	0.0
1036	S221	S221	1.35691	103.89088	0.0
1037	S221	S221	1.35691	103.89088	0.0
1038	S221	S221	1.35691	103.89088	0.0
1039	S221	S221	1.35691	103.89088	0.0
1040	S221	S221	1.35691	103.89088	0.0
1041	S221	S221	1.35691	103.89088	0.0
1042	S221	S221	1.35691	103.89088	0.0
1043	S221	S221	1.35691	103.89088	0.0
1044	S221	S221	1.35691	103.89088	0.0
1045	S221	S221	1.35691	103.89088	0.0
1046	S221	S221	1.35691	103.89088	0.0
1047	S221	S221	1.35691	103.89088	0.0
1048	S222	S222	1.28987	103.82364	0.0
1049	S222	S222	1.28987	103.82364	0.0
1050	S222	S222	1.28987	103.82364	0.0
1051	S222	S222	1.28987	103.82364	0.0
1052	S222	S222	1.28987	103.82364	0.01675
1053	S222	S222	1.28987	103.82364	0.0
1054	S222	S222	1.28987	103.82364	0.0
1055	S222	S222	1.28987	103.82364	0.0
1056	S222	S222	1.28987	103.82364	0.0
1057	S222	S222	1.28987	103.82364	0.0
1058	S222	S222	1.28987	103.82364	0.0
1059	S222	S222	1.28987	103.82364	0.0
1060	S222	S222	1.28987	103.82364	0.0
1061	S222	S222	1.28987	103.82364	0.0
1062	S222	S222	1.28987	103.82364	0.01675
1063	S222	S222	1.28987	103.82364	0.0
1064	S222	S222	1.28987	103.82364	0.0
1065	S222	S222	1.28987	103.82364	0.0
1066	S222	S222	1.28987	103.82364	0.0
1067	S222	S222	1.28987	103.82364	0.0
1068	S222	S222	1.28987	103.82364	0.0
1069	S222	S222	1.28987	103.82364	0.0335
1070	S222	S222	1.28987	103.82364	0.0
1071	S222	S222	1.28987	103.82364	0.0
1072	S223	S223	1.29984	103.80264	0.0
1073	S223	S223	1.29984	103.80264	0.016916666666666667
1074	S223	S223	1.29984	103.80264	0.0
1075	S223	S223	1.29984	103.80264	0.0
1076	S223	S223	1.29984	103.80264	0.0
1077	S223	S223	1.29984	103.80264	0.0
1078	S223	S223	1.29984	103.80264	0.016916666666666667
1079	S223	S223	1.29984	103.80264	0.0
1080	S223	S223	1.29984	103.80264	0.0
1081	S223	S223	1.29984	103.80264	0.03383333333333333
1082	S223	S223	1.29984	103.80264	0.0
1083	S223	S223	1.29984	103.80264	0.0
1084	S223	S223	1.29984	103.80264	0.06766666666666667
1085	S223	S223	1.29984	103.80264	0.0
1086	S223	S223	1.29984	103.80264	0.0
1087	S223	S223	1.29984	103.80264	0.0
1088	S223	S223	1.29984	103.80264	0.016916666666666667
1089	S223	S223	1.29984	103.80264	0.016916666666666667
1090	S223	S223	1.29984	103.80264	0.0
1091	S223	S223	1.29984	103.80264	0.016916666666666667
1092	S223	S223	1.29984	103.80264	0.0
1093	S223	S223	1.29984	103.80264	0.03383333333333333
1094	S223	S223	1.29984	103.80264	0.0
1095	S223	S223	1.29984	103.80264	0.03690909090909091
1096	S224	S224	1.34392	103.98409	0.0
1097	S224	S224	1.34392	103.98409	0.0
1098	S224	S224	1.34392	103.98409	0.0
1099	S224	S224	1.34392	103.98409	0.0
1100	S224	S224	1.34392	103.98409	0.0
1101	S224	S224	1.34392	103.98409	0.0
1102	S224	S224	1.34392	103.98409	0.0
1103	S224	S224	1.34392	103.98409	0.0
1104	S224	S224	1.34392	103.98409	0.0
1105	S224	S224	1.34392	103.98409	0.0
1106	S224	S224	1.34392	103.98409	0.0
1107	S224	S224	1.34392	103.98409	0.0
1108	S224	S224	1.34392	103.98409	0.0
1109	S224	S224	1.34392	103.98409	0.08374999999999999
1110	S224	S224	1.34392	103.98409	0.0
1111	S224	S224	1.34392	103.98409	0.0
1112	S224	S224	1.34392	103.98409	0.0
1113	S224	S224	1.34392	103.98409	0.0
1114	S224	S224	1.34392	103.98409	0.0
1115	S224	S224	1.34392	103.98409	0.0
1116	S224	S224	1.34392	103.98409	0.0
1117	S224	S224	1.34392	103.98409	0.0
1118	S224	S224	1.34392	103.98409	0.0
1119	S224	S224	1.34392	103.98409	0.0
1120	S226	S226	1.27472	103.80389	0.0
1121	S226	S226	1.27472	103.80389	0.0
1122	S226	S226	1.27472	103.80389	0.03333333333333333
1123	S226	S226	1.27472	103.80389	0.0
1124	S226	S226	1.27472	103.80389	0.0
1125	S226	S226	1.27472	103.80389	0.0
1126	S226	S226	1.27472	103.80389	0.0
1127	S226	S226	1.27472	103.80389	0.0
1128	S226	S226	1.27472	103.80389	0.0
1129	S226	S226	1.27472	103.80389	0.0
1130	S226	S226	1.27472	103.80389	0.0
1131	S226	S226	1.27472	103.80389	0.016666666666666666
1132	S226	S226	1.27472	103.80389	0.0
1133	S226	S226	1.27472	103.80389	0.0
1134	S226	S226	1.27472	103.80389	0.0
1135	S226	S226	1.27472	103.80389	0.0
1136	S226	S226	1.27472	103.80389	0.016666666666666666
1137	S226	S226	1.27472	103.80389	0.0
1138	S226	S226	1.27472	103.80389	0.0
1139	S226	S226	1.27472	103.80389	0.0
1140	S226	S226	1.27472	103.80389	0.0
1141	S226	S226	1.27472	103.80389	0.0
1142	S226	S226	1.27472	103.80389	0.0
1143	S226	S226	1.27472	103.80389	0.0
1144	S227	S227	1.43944	103.80389	0.0
1145	S227	S227	1.43944	103.80389	0.0
1146	S227	S227	1.43944	103.80389	0.0
1147	S227	S227	1.43944	103.80389	0.0
1148	S227	S227	1.43944	103.80389	0.0
1149	S227	S227	1.43944	103.80389	0.0
1150	S227	S227	1.43944	103.80389	0.0
1151	S227	S227	1.43944	103.80389	0.0
1152	S227	S227	1.43944	103.80389	0.0
1153	S227	S227	1.43944	103.80389	0.0
1154	S227	S227	1.43944	103.80389	0.0
1155	S227	S227	1.43944	103.80389	0.0
1156	S227	S227	1.43944	103.80389	0.0
1157	S227	S227	1.43944	103.80389	0.0
1158	S227	S227	1.43944	103.80389	0.0
1159	S227	S227	1.43944	103.80389	0.0
1160	S227	S227	1.43944	103.80389	0.0
1161	S227	S227	1.43944	103.80389	0.0
1162	S227	S227	1.43944	103.80389	0.0
1163	S227	S227	1.43944	103.80389	0.0
1164	S227	S227	1.43944	103.80389	0.0
1165	S227	S227	1.43944	103.80389	0.0
1166	S227	S227	1.43944	103.80389	0.0
1167	S227	S227	1.43944	103.80389	0.0
1168	S228	S228	1.34703	103.70073	0.693
1169	S228	S228	1.34703	103.70073	0.0165
1170	S228	S228	1.34703	103.70073	0.0
1171	S228	S228	1.34703	103.70073	0.0
1172	S228	S228	1.34703	103.70073	0.0
1173	S228	S228	1.34703	103.70073	0.0
1174	S228	S228	1.34703	103.70073	0.0
1175	S228	S228	1.34703	103.70073	0.0165
1176	S228	S228	1.34703	103.70073	0.0
1177	S228	S228	1.34703	103.70073	0.0
1178	S228	S228	1.34703	103.70073	0.0
1179	S228	S228	1.34703	103.70073	0.23099999999999998
1180	S228	S228	1.34703	103.70073	0.0
1181	S228	S228	1.34703	103.70073	0.132
1182	S228	S228	1.34703	103.70073	0.5115
1183	S228	S228	1.34703	103.70073	0.0
1184	S228	S228	1.34703	103.70073	0.2805
1185	S228	S228	1.34703	103.70073	0.23099999999999998
1186	S228	S228	1.34703	103.70073	0.24750000000000003
1187	S228	S228	1.34703	103.70073	0.132
1188	S228	S228	1.34703	103.70073	0.049499999999999995
1189	S228	S228	1.34703	103.70073	0.49500000000000005
1190	S228	S228	1.34703	103.70073	0.0165
1191	S228	S228	1.34703	103.70073	0.0
1192	S229	S229	1.35167	103.72195	0.0
1193	S229	S229	1.35167	103.72195	0.0
1194	S229	S229	1.35167	103.72195	0.3383333333333333
1195	S229	S229	1.35167	103.72195	0.20299999999999999
1196	S229	S229	1.35167	103.72195	0.0
1197	S229	S229	1.35167	103.72195	0.20299999999999999
1198	S229	S229	1.35167	103.72195	0.0
1199	S229	S229	1.35167	103.72195	0.0
1200	S229	S229	1.35167	103.72195	0.0
1201	S229	S229	1.35167	103.72195	0.016916666666666667
1202	S229	S229	1.35167	103.72195	0.40599999999999997
1203	S229	S229	1.35167	103.72195	0.4736666666666667
1204	S229	S229	1.35167	103.72195	0.03383333333333333
1205	S229	S229	1.35167	103.72195	0.5075
1206	S229	S229	1.35167	103.72195	0.0
1207	S229	S229	1.35167	103.72195	0.9304166666666666
1208	S229	S229	1.35167	103.72195	0.0
1209	S229	S229	1.35167	103.72195	0.0
1210	S229	S229	1.35167	103.72195	0.016916666666666667
1211	S229	S229	1.35167	103.72195	0.0
1212	S229	S229	1.35167	103.72195	0.0
1213	S229	S229	1.35167	103.72195	0.5751666666666667
1214	S229	S229	1.35167	103.72195	0.5075
1215	S229	S229	1.35167	103.72195	0.0
1216	S230	S230	1.30167	103.76444	0.0
1217	S230	S230	1.30167	103.76444	0.0
1218	S230	S230	1.30167	103.76444	0.0
1219	S230	S230	1.30167	103.76444	0.0
1220	S230	S230	1.30167	103.76444	0.0
1221	S230	S230	1.30167	103.76444	0.0
1222	S230	S230	1.30167	103.76444	0.0
1223	S230	S230	1.30167	103.76444	0.0
1224	S230	S230	1.30167	103.76444	0.0
1225	S230	S230	1.30167	103.76444	0.0
1226	S230	S230	1.30167	103.76444	0.0
1227	S230	S230	1.30167	103.76444	0.016666666666666666
1228	S230	S230	1.30167	103.76444	0.016666666666666666
1229	S230	S230	1.30167	103.76444	0.16666666666666666
1230	S230	S230	1.30167	103.76444	0.08333333333333333
1231	S230	S230	1.30167	103.76444	0.05000000000000001
1232	S230	S230	1.30167	103.76444	0.0
1233	S230	S230	1.30167	103.76444	0.0
1234	S230	S230	1.30167	103.76444	0.016666666666666666
1235	S230	S230	1.30167	103.76444	0.0
1236	S230	S230	1.30167	103.76444	0.0
1237	S230	S230	1.30167	103.76444	0.0
1238	S230	S230	1.30167	103.76444	0.016666666666666666
1239	S230	S230	1.30167	103.76444	0.0
1240	S111	Scotts Road	1.31055	103.8365	0.0
1241	S111	Scotts Road	1.31055	103.8365	0.0
1242	S111	Scotts Road	1.31055	103.8365	0.049999999999999996
1243	S111	Scotts Road	1.31055	103.8365	0.016666666666666666
1244	S111	Scotts Road	1.31055	103.8365	0.0
1245	S111	Scotts Road	1.31055	103.8365	0.0
1246	S111	Scotts Road	1.31055	103.8365	0.0
1247	S111	Scotts Road	1.31055	103.8365	0.016666666666666666
1248	S111	Scotts Road	1.31055	103.8365	0.0
1249	S111	Scotts Road	1.31055	103.8365	0.19999999999999998
1250	S111	Scotts Road	1.31055	103.8365	0.08333333333333333
1251	S111	Scotts Road	1.31055	103.8365	0.0
1252	S111	Scotts Road	1.31055	103.8365	0.0
1253	S111	Scotts Road	1.31055	103.8365	0.0
1254	S111	Scotts Road	1.31055	103.8365	0.0
1255	S111	Scotts Road	1.31055	103.8365	0.0
1256	S111	Scotts Road	1.31055	103.8365	0.016666666666666666
1257	S111	Scotts Road	1.31055	103.8365	0.0
1258	S111	Scotts Road	1.31055	103.8365	0.0
1259	S111	Scotts Road	1.31055	103.8365	0.0
1260	S111	Scotts Road	1.31055	103.8365	0.0
1261	S111	Scotts Road	1.31055	103.8365	0.0
1262	S111	Scotts Road	1.31055	103.8365	0.0
1263	S111	Scotts Road	1.31055	103.8365	0.0
1264	S900	Seletar Aerospace View	1.41284	103.86922	0.0
1265	S900	Seletar Aerospace View	1.41284	103.86922	0.0
1266	S900	Seletar Aerospace View	1.41284	103.86922	0.0
1267	S900	Seletar Aerospace View	1.41284	103.86922	0.0
1268	S900	Seletar Aerospace View	1.41284	103.86922	0.0
1269	S900	Seletar Aerospace View	1.41284	103.86922	0.0
1270	S900	Seletar Aerospace View	1.41284	103.86922	0.0
1271	S900	Seletar Aerospace View	1.41284	103.86922	0.0
1272	S900	Seletar Aerospace View	1.41284	103.86922	0.0
1273	S900	Seletar Aerospace View	1.41284	103.86922	0.0
1274	S900	Seletar Aerospace View	1.41284	103.86922	0.0
1275	S900	Seletar Aerospace View	1.41284	103.86922	0.0
1276	S900	Seletar Aerospace View	1.41284	103.86922	0.0
1277	S900	Seletar Aerospace View	1.41284	103.86922	0.0
1278	S900	Seletar Aerospace View	1.41284	103.86922	0.0
1279	S900	Seletar Aerospace View	1.41284	103.86922	0.0
1280	S900	Seletar Aerospace View	1.41284	103.86922	0.0
1281	S900	Seletar Aerospace View	1.41284	103.86922	0.0
1282	S900	Seletar Aerospace View	1.41284	103.86922	0.0
1283	S900	Seletar Aerospace View	1.41284	103.86922	0.0
1284	S900	Seletar Aerospace View	1.41284	103.86922	0.0
1285	S900	Seletar Aerospace View	1.41284	103.86922	0.0
1286	S900	Seletar Aerospace View	1.41284	103.86922	0.0
1287	S900	Seletar Aerospace View	1.41284	103.86922	0.0
1288	S84	Simei Avenue	1.3437	103.9444	0.0
1289	S84	Simei Avenue	1.3437	103.9444	0.0
1290	S84	Simei Avenue	1.3437	103.9444	0.0
1291	S84	Simei Avenue	1.3437	103.9444	0.0
1292	S84	Simei Avenue	1.3437	103.9444	0.0
1293	S84	Simei Avenue	1.3437	103.9444	0.0
1294	S84	Simei Avenue	1.3437	103.9444	0.0
1295	S84	Simei Avenue	1.3437	103.9444	0.0
1296	S84	Simei Avenue	1.3437	103.9444	0.0
1297	S84	Simei Avenue	1.3437	103.9444	0.0
1298	S84	Simei Avenue	1.3437	103.9444	0.0
1299	S84	Simei Avenue	1.3437	103.9444	0.0
1300	S84	Simei Avenue	1.3437	103.9444	0.0
1301	S84	Simei Avenue	1.3437	103.9444	0.0
1302	S84	Simei Avenue	1.3437	103.9444	0.0
1303	S84	Simei Avenue	1.3437	103.9444	0.0
1304	S84	Simei Avenue	1.3437	103.9444	0.0
1305	S84	Simei Avenue	1.3437	103.9444	0.0
1306	S84	Simei Avenue	1.3437	103.9444	0.0
1307	S84	Simei Avenue	1.3437	103.9444	0.0
1308	S84	Simei Avenue	1.3437	103.9444	0.0
1309	S84	Simei Avenue	1.3437	103.9444	0.0
1310	S84	Simei Avenue	1.3437	103.9444	0.0
1311	S84	Simei Avenue	1.3437	103.9444	0.0
1312	S79	Somerset Road	1.3004	103.8372	0.03333333333333333
1313	S79	Somerset Road	1.3004	103.8372	0.0
1314	S79	Somerset Road	1.3004	103.8372	0.0
1315	S79	Somerset Road	1.3004	103.8372	0.0
1316	S79	Somerset Road	1.3004	103.8372	0.0
1317	S79	Somerset Road	1.3004	103.8372	0.016666666666666666
1318	S79	Somerset Road	1.3004	103.8372	0.0
1319	S79	Somerset Road	1.3004	103.8372	0.0
1320	S79	Somerset Road	1.3004	103.8372	0.016666666666666666
1321	S79	Somerset Road	1.3004	103.8372	0.09999999999999999
1322	S79	Somerset Road	1.3004	103.8372	0.48333333333333334
1323	S79	Somerset Road	1.3004	103.8372	0.0
1324	S79	Somerset Road	1.3004	103.8372	0.0
1325	S79	Somerset Road	1.3004	103.8372	0.0
1326	S79	Somerset Road	1.3004	103.8372	0.0
1327	S79	Somerset Road	1.3004	103.8372	0.016666666666666666
1328	S79	Somerset Road	1.3004	103.8372	0.0
1329	S79	Somerset Road	1.3004	103.8372	0.0
1330	S79	Somerset Road	1.3004	103.8372	0.0
1331	S79	Somerset Road	1.3004	103.8372	0.0
1332	S79	Somerset Road	1.3004	103.8372	0.0
1333	S79	Somerset Road	1.3004	103.8372	0.0
1334	S79	Somerset Road	1.3004	103.8372	0.0
1335	S79	Somerset Road	1.3004	103.8372	0.0
1336	S88	Toa Payoh North	1.3427	103.8482	0.0
1337	S88	Toa Payoh North	1.3427	103.8482	0.0
1338	S88	Toa Payoh North	1.3427	103.8482	0.03333333333333333
1339	S88	Toa Payoh North	1.3427	103.8482	0.0
1340	S88	Toa Payoh North	1.3427	103.8482	0.0
1341	S88	Toa Payoh North	1.3427	103.8482	0.0
1342	S88	Toa Payoh North	1.3427	103.8482	0.0
1343	S88	Toa Payoh North	1.3427	103.8482	0.0
1344	S88	Toa Payoh North	1.3427	103.8482	0.0
1345	S88	Toa Payoh North	1.3427	103.8482	0.0
1346	S88	Toa Payoh North	1.3427	103.8482	0.03333333333333333
1347	S88	Toa Payoh North	1.3427	103.8482	0.0
1348	S88	Toa Payoh North	1.3427	103.8482	0.016666666666666666
1349	S88	Toa Payoh North	1.3427	103.8482	0.0
1350	S88	Toa Payoh North	1.3427	103.8482	0.0
1351	S88	Toa Payoh North	1.3427	103.8482	0.0
1352	S88	Toa Payoh North	1.3427	103.8482	0.0
1353	S88	Toa Payoh North	1.3427	103.8482	0.0
1354	S88	Toa Payoh North	1.3427	103.8482	0.016666666666666666
1355	S88	Toa Payoh North	1.3427	103.8482	0.0
1356	S88	Toa Payoh North	1.3427	103.8482	0.0
1357	S88	Toa Payoh North	1.3427	103.8482	0.016666666666666666
1358	S88	Toa Payoh North	1.3427	103.8482	0.0
1359	S88	Toa Payoh North	1.3427	103.8482	0.03636363636363637
1360	S123	Towner Road	1.3214	103.8577	0.0
1361	S123	Towner Road	1.3214	103.8577	0.0
1362	S123	Towner Road	1.3214	103.8577	0.0
1363	S123	Towner Road	1.3214	103.8577	0.0
1364	S123	Towner Road	1.3214	103.8577	0.0
1365	S123	Towner Road	1.3214	103.8577	0.0
1366	S123	Towner Road	1.3214	103.8577	0.0
1367	S123	Towner Road	1.3214	103.8577	0.0
1368	S123	Towner Road	1.3214	103.8577	0.0
1369	S89	Tuas Road	1.31985	103.66162	0.0
1370	S89	Tuas Road	1.31985	103.66162	0.0
1371	S89	Tuas Road	1.31985	103.66162	0.03333333333333333
1372	S89	Tuas Road	1.31985	103.66162	0.0
1373	S89	Tuas Road	1.31985	103.66162	0.016666666666666666
1374	S89	Tuas Road	1.31985	103.66162	0.0
1375	S89	Tuas Road	1.31985	103.66162	0.0
1376	S89	Tuas Road	1.31985	103.66162	0.0
1377	S89	Tuas Road	1.31985	103.66162	0.0
1378	S89	Tuas Road	1.31985	103.66162	0.0
1379	S89	Tuas Road	1.31985	103.66162	0.0
1380	S89	Tuas Road	1.31985	103.66162	0.0
1381	S89	Tuas Road	1.31985	103.66162	0.0
1382	S89	Tuas Road	1.31985	103.66162	0.0
1383	S89	Tuas Road	1.31985	103.66162	0.0
1384	S89	Tuas Road	1.31985	103.66162	0.0
1385	S89	Tuas Road	1.31985	103.66162	0.0
1386	S89	Tuas Road	1.31985	103.66162	0.0
1387	S89	Tuas Road	1.31985	103.66162	0.0
1388	S89	Tuas Road	1.31985	103.66162	0.0
1389	S89	Tuas Road	1.31985	103.66162	0.0
1390	S89	Tuas Road	1.31985	103.66162	0.0
1391	S89	Tuas Road	1.31985	103.66162	0.0
1392	S89	Tuas Road	1.31985	103.66162	0.0
1393	S115	Tuas South Avenue 3	1.29377	103.61843	0.0
1394	S115	Tuas South Avenue 3	1.29377	103.61843	0.0
1395	S115	Tuas South Avenue 3	1.29377	103.61843	0.0
1396	S115	Tuas South Avenue 3	1.29377	103.61843	0.0
1397	S115	Tuas South Avenue 3	1.29377	103.61843	0.0
1398	S115	Tuas South Avenue 3	1.29377	103.61843	0.0
1399	S115	Tuas South Avenue 3	1.29377	103.61843	0.0
1400	S115	Tuas South Avenue 3	1.29377	103.61843	0.0
1401	S115	Tuas South Avenue 3	1.29377	103.61843	0.0
1402	S115	Tuas South Avenue 3	1.29377	103.61843	0.0
1403	S115	Tuas South Avenue 3	1.29377	103.61843	0.0
1404	S115	Tuas South Avenue 3	1.29377	103.61843	0.0
1405	S115	Tuas South Avenue 3	1.29377	103.61843	0.0
1406	S115	Tuas South Avenue 3	1.29377	103.61843	0.0
1407	S115	Tuas South Avenue 3	1.29377	103.61843	0.0
1408	S115	Tuas South Avenue 3	1.29377	103.61843	0.0
1409	S115	Tuas South Avenue 3	1.29377	103.61843	0.0
1410	S115	Tuas South Avenue 3	1.29377	103.61843	0.0
1411	S115	Tuas South Avenue 3	1.29377	103.61843	0.0
1412	S115	Tuas South Avenue 3	1.29377	103.61843	0.0
1413	S115	Tuas South Avenue 3	1.29377	103.61843	0.0
1414	S115	Tuas South Avenue 3	1.29377	103.61843	0.0
1415	S115	Tuas South Avenue 3	1.29377	103.61843	0.0
1416	S115	Tuas South Avenue 3	1.29377	103.61843	0.0
1417	S82	Tuas West Road	1.3247	103.6351	0.016666666666666666
1418	S82	Tuas West Road	1.3247	103.6351	0.0
1419	S82	Tuas West Road	1.3247	103.6351	0.0
1420	S82	Tuas West Road	1.3247	103.6351	0.0
1421	S82	Tuas West Road	1.3247	103.6351	0.0
1422	S82	Tuas West Road	1.3247	103.6351	0.0
1423	S82	Tuas West Road	1.3247	103.6351	0.0
1424	S82	Tuas West Road	1.3247	103.6351	0.0
1425	S82	Tuas West Road	1.3247	103.6351	0.0
1426	S82	Tuas West Road	1.3247	103.6351	0.0
1427	S82	Tuas West Road	1.3247	103.6351	0.0
1428	S82	Tuas West Road	1.3247	103.6351	0.016666666666666666
1429	S82	Tuas West Road	1.3247	103.6351	0.0
1430	S82	Tuas West Road	1.3247	103.6351	0.0
1431	S82	Tuas West Road	1.3247	103.6351	0.0
1432	S82	Tuas West Road	1.3247	103.6351	0.0
1433	S82	Tuas West Road	1.3247	103.6351	0.0
1434	S82	Tuas West Road	1.3247	103.6351	0.0
1435	S82	Tuas West Road	1.3247	103.6351	0.0
1436	S82	Tuas West Road	1.3247	103.6351	0.0
1437	S82	Tuas West Road	1.3247	103.6351	0.0
1438	S82	Tuas West Road	1.3247	103.6351	0.016666666666666666
1439	S82	Tuas West Road	1.3247	103.6351	0.0
1440	S82	Tuas West Road	1.3247	103.6351	0.0
1441	S24	Upper Changi Road North	1.3678	103.9826	0.0
1442	S24	Upper Changi Road North	1.3678	103.9826	0.0
1443	S24	Upper Changi Road North	1.3678	103.9826	0.0
1444	S24	Upper Changi Road North	1.3678	103.9826	0.0
1445	S24	Upper Changi Road North	1.3678	103.9826	0.0
1446	S24	Upper Changi Road North	1.3678	103.9826	0.0
1447	S24	Upper Changi Road North	1.3678	103.9826	0.0
1448	S24	Upper Changi Road North	1.3678	103.9826	0.0
1449	S24	Upper Changi Road North	1.3678	103.9826	0.0
1450	S24	Upper Changi Road North	1.3678	103.9826	0.0
1451	S24	Upper Changi Road North	1.3678	103.9826	0.0
1452	S24	Upper Changi Road North	1.3678	103.9826	0.0
1453	S24	Upper Changi Road North	1.3678	103.9826	0.0
1454	S24	Upper Changi Road North	1.3678	103.9826	0.0
1455	S24	Upper Changi Road North	1.3678	103.9826	0.0
1456	S24	Upper Changi Road North	1.3678	103.9826	0.0
1457	S24	Upper Changi Road North	1.3678	103.9826	0.0
1458	S24	Upper Changi Road North	1.3678	103.9826	0.0
1459	S24	Upper Changi Road North	1.3678	103.9826	0.0
1460	S24	Upper Changi Road North	1.3678	103.9826	0.0
1461	S24	Upper Changi Road North	1.3678	103.9826	0.0
1462	S24	Upper Changi Road North	1.3678	103.9826	0.0
1463	S24	Upper Changi Road North	1.3678	103.9826	0.0
1464	S24	Upper Changi Road North	1.3678	103.9826	0.0
1465	S69	Upper Peirce Reservoir Park	1.37	103.805	0.0
1466	S69	Upper Peirce Reservoir Park	1.37	103.805	0.0
1467	S69	Upper Peirce Reservoir Park	1.37	103.805	0.0
1468	S69	Upper Peirce Reservoir Park	1.37	103.805	0.0
1469	S69	Upper Peirce Reservoir Park	1.37	103.805	0.0
1470	S69	Upper Peirce Reservoir Park	1.37	103.805	0.0
1471	S69	Upper Peirce Reservoir Park	1.37	103.805	0.0
1472	S69	Upper Peirce Reservoir Park	1.37	103.805	0.0
1473	S69	Upper Peirce Reservoir Park	1.37	103.805	0.0
1474	S69	Upper Peirce Reservoir Park	1.37	103.805	0.0
1475	S69	Upper Peirce Reservoir Park	1.37	103.805	0.0
1476	S69	Upper Peirce Reservoir Park	1.37	103.805	0.0
1477	S69	Upper Peirce Reservoir Park	1.37	103.805	0.0
1478	S69	Upper Peirce Reservoir Park	1.37	103.805	0.0
1479	S69	Upper Peirce Reservoir Park	1.37	103.805	0.016666666666666666
1480	S69	Upper Peirce Reservoir Park	1.37	103.805	0.0
1481	S69	Upper Peirce Reservoir Park	1.37	103.805	0.0
1482	S69	Upper Peirce Reservoir Park	1.37	103.805	0.0
1483	S69	Upper Peirce Reservoir Park	1.37	103.805	0.0
1484	S69	Upper Peirce Reservoir Park	1.37	103.805	0.0
1485	S69	Upper Peirce Reservoir Park	1.37	103.805	0.0
1486	S69	Upper Peirce Reservoir Park	1.37	103.805	0.03333333333333333
1487	S69	Upper Peirce Reservoir Park	1.37	103.805	0.0
1488	S69	Upper Peirce Reservoir Park	1.37	103.805	0.0
1489	S36	Upper Serangoon Road	1.3382	103.8657	0.0
1490	S36	Upper Serangoon Road	1.3382	103.8657	0.0
1491	S36	Upper Serangoon Road	1.3382	103.8657	0.0
1492	S36	Upper Serangoon Road	1.3382	103.8657	0.0
1493	S36	Upper Serangoon Road	1.3382	103.8657	0.0
1494	S36	Upper Serangoon Road	1.3382	103.8657	0.0
1495	S36	Upper Serangoon Road	1.3382	103.8657	0.0
1496	S36	Upper Serangoon Road	1.3382	103.8657	0.0
1497	S36	Upper Serangoon Road	1.3382	103.8657	0.0
1498	S36	Upper Serangoon Road	1.3382	103.8657	0.0
1499	S36	Upper Serangoon Road	1.3382	103.8657	0.0
1500	S36	Upper Serangoon Road	1.3382	103.8657	0.0
1501	S36	Upper Serangoon Road	1.3382	103.8657	0.0
1502	S36	Upper Serangoon Road	1.3382	103.8657	0.0
1503	S36	Upper Serangoon Road	1.3382	103.8657	0.0
1504	S36	Upper Serangoon Road	1.3382	103.8657	0.0
1505	S36	Upper Serangoon Road	1.3382	103.8657	0.0
1506	S36	Upper Serangoon Road	1.3382	103.8657	0.0
1507	S36	Upper Serangoon Road	1.3382	103.8657	0.0
1508	S36	Upper Serangoon Road	1.3382	103.8657	0.0
1509	S36	Upper Serangoon Road	1.3382	103.8657	0.0
1510	S36	Upper Serangoon Road	1.3382	103.8657	0.0
1511	S36	Upper Serangoon Road	1.3382	103.8657	0.0
1512	S36	Upper Serangoon Road	1.3382	103.8657	0.0
1513	S08	Upper Thomson Road	1.3701	103.8271	0.0
1514	S08	Upper Thomson Road	1.3701	103.8271	0.0
1515	S08	Upper Thomson Road	1.3701	103.8271	0.0
1516	S08	Upper Thomson Road	1.3701	103.8271	0.0
1517	S08	Upper Thomson Road	1.3701	103.8271	0.0
1518	S08	Upper Thomson Road	1.3701	103.8271	0.0
1519	S08	Upper Thomson Road	1.3701	103.8271	0.0
1520	S08	Upper Thomson Road	1.3701	103.8271	0.0
1521	S08	Upper Thomson Road	1.3701	103.8271	0.0
1522	S08	Upper Thomson Road	1.3701	103.8271	0.0
1523	S08	Upper Thomson Road	1.3701	103.8271	0.0
1524	S08	Upper Thomson Road	1.3701	103.8271	0.0
1525	S08	Upper Thomson Road	1.3701	103.8271	0.0
1526	S08	Upper Thomson Road	1.3701	103.8271	0.016666666666666666
1527	S08	Upper Thomson Road	1.3701	103.8271	0.0
1528	S08	Upper Thomson Road	1.3701	103.8271	0.0
1529	S08	Upper Thomson Road	1.3701	103.8271	0.0
1530	S08	Upper Thomson Road	1.3701	103.8271	0.0
1531	S08	Upper Thomson Road	1.3701	103.8271	0.0
1532	S08	Upper Thomson Road	1.3701	103.8271	0.0
1533	S08	Upper Thomson Road	1.3701	103.8271	0.0
1534	S08	Upper Thomson Road	1.3701	103.8271	0.0
1535	S08	Upper Thomson Road	1.3701	103.8271	0.0
1536	S08	Upper Thomson Road	1.3701	103.8271	0.0
1537	S116	West Coast Highway	1.281	103.754	0.0
1538	S116	West Coast Highway	1.281	103.754	0.0
1539	S116	West Coast Highway	1.281	103.754	0.0
1540	S116	West Coast Highway	1.281	103.754	0.0
1541	S116	West Coast Highway	1.281	103.754	0.0
1542	S116	West Coast Highway	1.281	103.754	0.0
1543	S116	West Coast Highway	1.281	103.754	0.0
1544	S116	West Coast Highway	1.281	103.754	0.0
1545	S116	West Coast Highway	1.281	103.754	0.03333333333333333
1546	S116	West Coast Highway	1.281	103.754	0.0
1547	S116	West Coast Highway	1.281	103.754	0.0
1548	S116	West Coast Highway	1.281	103.754	0.016666666666666666
1549	S116	West Coast Highway	1.281	103.754	0.0
1550	S116	West Coast Highway	1.281	103.754	0.0
1551	S116	West Coast Highway	1.281	103.754	0.0
1552	S116	West Coast Highway	1.281	103.754	0.0
1553	S116	West Coast Highway	1.281	103.754	0.0
1554	S116	West Coast Highway	1.281	103.754	0.0
1555	S116	West Coast Highway	1.281	103.754	0.0
1556	S116	West Coast Highway	1.281	103.754	0.0
1557	S116	West Coast Highway	1.281	103.754	0.0
1558	S116	West Coast Highway	1.281	103.754	0.0
1559	S116	West Coast Highway	1.281	103.754	0.0
1560	S116	West Coast Highway	1.281	103.754	0.0
1561	S104	Woodlands Avenue 9	1.44387	103.78538	0.0
1562	S104	Woodlands Avenue 9	1.44387	103.78538	0.0
1563	S104	Woodlands Avenue 9	1.44387	103.78538	0.0
1564	S104	Woodlands Avenue 9	1.44387	103.78538	0.0
1565	S104	Woodlands Avenue 9	1.44387	103.78538	0.0
1566	S104	Woodlands Avenue 9	1.44387	103.78538	0.0
1567	S104	Woodlands Avenue 9	1.44387	103.78538	0.0
1568	S104	Woodlands Avenue 9	1.44387	103.78538	0.0
1569	S104	Woodlands Avenue 9	1.44387	103.78538	0.0
1570	S104	Woodlands Avenue 9	1.44387	103.78538	0.0
1571	S104	Woodlands Avenue 9	1.44387	103.78538	0.0
1572	S104	Woodlands Avenue 9	1.44387	103.78538	0.0
1573	S104	Woodlands Avenue 9	1.44387	103.78538	0.0
1574	S104	Woodlands Avenue 9	1.44387	103.78538	0.0
1575	S104	Woodlands Avenue 9	1.44387	103.78538	0.0
1576	S104	Woodlands Avenue 9	1.44387	103.78538	0.0
1577	S104	Woodlands Avenue 9	1.44387	103.78538	0.0
1578	S104	Woodlands Avenue 9	1.44387	103.78538	0.0
1579	S104	Woodlands Avenue 9	1.44387	103.78538	0.0
1580	S104	Woodlands Avenue 9	1.44387	103.78538	0.0
1581	S104	Woodlands Avenue 9	1.44387	103.78538	0.0
1582	S104	Woodlands Avenue 9	1.44387	103.78538	0.0
1583	S104	Woodlands Avenue 9	1.44387	103.78538	0.0
1584	S104	Woodlands Avenue 9	1.44387	103.78538	0.0
1585	S100	Woodlands Road	1.4172	103.74855	0.0
1586	S100	Woodlands Road	1.4172	103.74855	0.0
1587	S100	Woodlands Road	1.4172	103.74855	0.0
1588	S100	Woodlands Road	1.4172	103.74855	0.0
1589	S100	Woodlands Road	1.4172	103.74855	0.0
1590	S100	Woodlands Road	1.4172	103.74855	0.0
1591	S100	Woodlands Road	1.4172	103.74855	0.0
1592	S100	Woodlands Road	1.4172	103.74855	0.06666666666666667
1593	S100	Woodlands Road	1.4172	103.74855	0.0
1594	S100	Woodlands Road	1.4172	103.74855	0.0
1595	S100	Woodlands Road	1.4172	103.74855	0.0
1596	S100	Woodlands Road	1.4172	103.74855	0.0
1597	S100	Woodlands Road	1.4172	103.74855	0.0
1598	S100	Woodlands Road	1.4172	103.74855	0.08333333333333333
1599	S100	Woodlands Road	1.4172	103.74855	0.0
1600	S100	Woodlands Road	1.4172	103.74855	0.0
1601	S100	Woodlands Road	1.4172	103.74855	0.0
1602	S100	Woodlands Road	1.4172	103.74855	0.0
1603	S100	Woodlands Road	1.4172	103.74855	0.0
1604	S100	Woodlands Road	1.4172	103.74855	0.0
1605	S100	Woodlands Road	1.4172	103.74855	0.0
1606	S100	Woodlands Road	1.4172	103.74855	0.0
1607	S100	Woodlands Road	1.4172	103.74855	0.0
1608	S100	Woodlands Road	1.4172	103.74855	0.0
